Entry ID,Entry Number,Entry Name,Entry Type,Entry Rhythm,Entry Lyrics,Note Image Name,Type Entry Image
MLF-1-ISB-BRW,1,العاشقين انتبهوا للسّاقي,الإصبعين,برول,"العاشقين إنتبهوا للسّاقي طاب الشّراب مع العشّاق
طاب الشراب لأهل الحضره وسكروا :: وعيونهم للساقي ينتظروا
يالعاشقين الله محلى ذكروا :: هو الذي زادت بيه أشواقي
العاشقين إنتبهو للساقي طاب الشراب مع العشاق
يامصطفى أنت البدر العالي :: أنت الذي نسهر فيك الليالي
لا تسألوا عنّي ولا عن حالي :: هو النبي طابت بيه أخلاقي
العاشقين إنتبهوا للساقي طاب الشراب مع العشاق",MLF-1-ISB-BRW.png,ISB.PNG
MLF-2-ISB-BRW,2,انا عشقت مليح,الإصبعين,برول,"أنا عشقت مليح :: ونسله عربي
الحال يمسى بخير :: وأصبر يا قلبي",MLF-2-ISB-BRW.png,ISB.PNG
MLF-3-ISB-BRW,3,آنا والله العظيم,الإصبعين,برول,"أنا والله العظيم :: حينما نراك نهيم
أملا كأسي يانديم",MLF-3-ISB-BRW.png,ISB.PNG
MLF-4-ISB-BRW,4,انسى همومك,الإصبعين,برول,"أنسى همومك في دي العشية :: ماتدري متى يأتيك الصباح
راح النهار دير الحميّة :: أفني همومك مع الملاح
قم نغنموا ساعة هنيّة :: الدنيا ماهي إلا مزاح
ياساقي فيّض لنا المزيد وأسقينا عن غفلة الرّقيب
ونغنموا نزهة الرّياض الشّمس مالت نحو المغيب
الشّمس مالت نحو الصّفورة :: وذهّبت أوراق الغصون
أنظر إلى الرّوض في خضورة :: وريحه منية النّفوس
الورد فتّح في حسن صورة :: وروايحه غدّت النّفوس
ياساقي فيّض لنا المزيد وأسقينا عن غفلة الرّقيب
ونغنموا نزهة الرّياض الشّمس مالت نحو المغيب",MLF-4-ISB-BRW.png,ISB.PNG
MLF-5-ISB-BRW,5,الهوى قد استوى,الإصبعين,برول,"الهوى قد استوى :: والنّاس مايعذرون 
أنا ودّي جهار :: طيري علاش تقتلونه
أنا طيري صغير :: أغنج مكحل عيونه
أنا صرت له دوا :: إلا لمن كان يصونه",MLF-5-ISB-BRW.png,ISB.PNG
MLF-6-ISB-BRW,6,دخيل الله,الإصبعين,برول,"دخيل الله أنظر ماتصنع العشّاق
واحد في تقليد والآخر مسكين يعشق
وكلّ من يراني يقول عنّي أحمق
ضحكنا لعبنا شربنا طربنا :: قم نجدّد الحضرة عشيّه من بكره
ياحبيبي فرّجني هذا هو زمن الفرجه
الخلاعة تعجبني مابين طنجه وفرنجه
والذي يعتب عنّي ليش تقبل له حجّة
ضحكنا لعبنا شربنا طربنا :: قم نجدّد الحضرة عشيّة من بكره",MLF-6-ISB-BRW.png,ISB.PNG
MLF-7-ISB-BRW,7,ربّي يا مجيب,الإصبعين,برول,"ربّي يا مجيب
تسمح لي بتوبة
تكون عن قريب",MLF-7-ISB-BRW.png,ISB.PNG
MLF-8-ISB-BRW,8,روح ياعزولي,الإصبعين,برول,"روح ياعزولي مالك ومالي :: لوصبت وجدًا ما أفوت غزالي
ياشمس غيبي وافي حبيبي :: هو رضا العين وصله نصيبي
مركب حبيبي من الغرب جايّه :: كشمير حجابو طيّه عن طيّه
ذا المغربي تونس بلاده :: صاغ الأساور مثل اللآلي 
جاني سلامو من مصر للشام :: محلى كلامو يافرحة زماني",MLF-8-ISB-BRW.png,ISB.PNG
MLF-9-ISB-BRW,9,زارني باهي المحيا,الإصبعين,برول,"زارني باهي المحيّا ::  يتهادى بالجمال ::  بهجة الأنظار
وجلا كاس الحميّا  ::  ورنا يحكي الغزال  :: وعلينا جار
جلّ المولى قد يراه ::  فاتنًا صبًا يراه ::  باهر الانوار
قلت طف بالكاس هيّا  :: وتكرّم بالوصال ::  يا أخا الأقمار",MLF-9-ISB-BRW.png,ISB.PNG
MLF-10-ISB-BRW,10,سلّم على ذاك الحبيب,الإصبعين,برول,"سلّم على ذاك الحبيب :: اللي بدا منه الجفا
وقل له ناري لهيب :: في جاشي مابت تنطفا
إذا غواك عني الرّقيب ::  أصبرو لله الكفا
نحرج ولا ينفع حرج وأتهبّني نيراني ::  لابّد من ساعة فرج نراك يا سلطاني
يا هل ترى هل يرجعوا ::  أحباب قلبي جيرتي
حبل الوصال لاتقطعوا ::  ياأهلي ماحيلتي
فراقكم يامصعبوا ::  الله يصبّر لوعتي
نحرج ولا ينفع حرج وأتهبّني نيراني لابّد من ساعة فرج نراك يا سلطاني",MLF-10-ISB-BRW.png,ISB.PNG
MLF-11-ISB-BRW,11,سل في الظلام,الإصبعين,برول,"سل في الظّلام أخاك البدر عن سهري :: تدري النّجوم كما يدري الورى خبري
أبيت أهتف بالشكوى وأشرب من ::  دمعي وأنشق ريح ذكرك العطر
حتى أخيّل أني شارب ثمل :: بين الريّاض وبين الكأس والوتر
من لي به إختلفت فيه الملاحة إذ :: أومت إلى غيره إيماء محتضر
بخدّه لفؤادي نسبة عجب :: كلاهما أبدًا يرمي من النّظر
بعض المحاسن يهوى بعضها طربا :: تأمّلوا كيف هام الغنج بالحور
جرى القضاء بان أشقى عليك وقد :: أوتيت سؤلك ياموسى على قدر",MLF-11-ISB-BRW.png,ISB.PNG
MLF-12-ISB-BRW,12,شقّ جيب الليل,الإصبعين,برول,"شقّ جيب الليل عن نحر الصبّاح :: أيها السّاقون
وبدا الطّل في جيد الإقاح :: لؤلؤًا مكنون
ودعانا للذيد الإصطباح :: طائر ميمون
فاخضب المبزم عن نحر الدّنان بدم الجرزون
يتلقى دمها حور حسان في صحاف جون
فأسقنيها خمرة تكسي الكؤوس :: بسنا الأنوار
وتميت العقل إذ تحي النّفوس :: راحة الأسرار
بنت كرم عتّقت عند المجوس :: في بيوت النّار
غرست كرمتها بين الدّنان يد إفلاطون
وبماء الصّرح قد كان يصان دنّها المخزون
أخبرتنا عن بني العصر القديم :: خبرًا مأثور
وروت يوم مناجاة الكليم :: كيف دكّ الطّور
ولماذا إتّخذت أهل الرّقيم :: كهفها المعمور
وندا يونس عند الإمتحان بالتقام النّون
وبنا نوح يوم غدى الطّوفان فلكها مشحون",MLF-12-ISB-BRW.png,ISB.PNG
MLF-13-ISB-BRW,13,صاحب الحضره,الإصبعين,برول,"صاحب الحضره :: والشّمعه ضاويها
صاحب الحضره :: سيدي علي عزّوز
عليك بالحضره :: إن كنت عاشق فيها
وأترك العذر :: وأعبد القيّوم
لازم الذكر وأعرف معانيها
من البلاء تبرى سرها معلوم
أجتهد وأقرأ تنجح ياساقيها
تأتيك النّصره :: من شيخك المعلوم
واصل الفقرا :: من بعيد تجيها
وأترك الهجر :: لاتؤخّر يوم",MLF-13-ISB-BRW.png,ISB.PNG
MLF-14-ISB-BRW,14,كان لي قلب,الإصبعين,برول,"كان لي قلب في جيران الحما ::  ضاع منّي علّه يرجع إليْ
أنا والله محب لكمو ::  صدقوني ليس بعد الله شيْ
قلت خذ روحي فقال الرّوح لي :: إن فضل في الكاس شيْ فهلولي
أسقينيها يانديم سرعة :: إن قلبي قد كوى بالنّار كيْ",MLF-14-ISB-BRW.png,ISB.PNG
MLF-15-ISB-BRW,15,قدم المساء,الإصبعين,برول,"قدم المسا يامرحبا بقدومه 
وهذا النهّار قد إنقضى في سبيله
بلّغ سلامي إلى البساتين كلها
وهذا الحبيب قد إختلى بحبيبه",MLF-15-ISB-BRW.png,ISB.PNG
MLF-16-ISB-BRW,16,قد مالت الثريا,الإصبعين,برول,"قد مالت الثّريا :: قم وأنتبه يا نايم
الشّمعة الضّاويه :: تشعل في فرح دايم
قم دير كاس الحميّا :: لازال قلبي هايم
الدّيك يعمل صناعة :: نبّهني بصياحه
نبّهني للخلاعة :: رمى العشيق سلاحه
ما الدّنيا إلّا ساعة :: قم نغنمو الأفراح
تبدّلت طباعك :: وأنا على العهد باقي
ليش العمل متاعك :: يعوّل على فراقي
طالما أنا في إتّباعك :: لساني تحت ساقي
أنت تجور يا حبيبي :: وأنا نذوب فارفق
كثير يزداد تعبي :: كثير نهيم ونعشق
زرني يا أنس قلبي :: دع الرّقيب يشنق",MLF-16-ISB-BRW.png,ISB.PNG
MLF-17-ISB-BRW,17,لقاء الحبيب,الإصبعين,برول,"لقاء الحبيب جنّه :: تنعش القلوب
نال قلبي ما تمنّى :: نزهة المطلوب
في القلب له رنّة :: ودمعتي تفور
العشق قتلنا :: والقلب يذوب
بالعشق أعلّنا :: قد جرى المكتوب
مدة ونستنا :: نرتجي المحبوب
ياليته واصلنا :: تنجلي الكروب
والغرام ذبلنا :: والقلب معطوب",MLF-17-ISB-BRW.png,ISB.PNG
MLF-18-ISB-BRW,18,يامصطفى ياممجّد,الإصبعين,برول,"يامصطفى يا ممجّد :: إرافق بعبد أتاك
حبّك في قلبي مجدّد :: وراحتي في لقاك
ولا سكن يا محمّد :: وسط القلب سواك 
عروس يوم القيامه :: مفتاح يوم الفلاح
من ظللته الغمامة :: تقيه حرّ الضّواح
محمّد ذو الكرامة :: والمعجزات الصّحاح",MLF-18-ISB-BRW.png,ISB.PNG
MLF-19-ISB-BRW,19,ياهل ترى,الإصبعين,برول,"ياهل ترى متى أراهم :: أحباب قلبي أطلب رضاهم
إن هجروني أو واصلوني :: أصبر عليهم حتى أراهم
كيف العمل يا أهل المحبة :: داوا فؤادي قد زاد حبّا
وأصبو لصبّ قد ضاع عمره :: جودوا عليه ولو بنظره
قد صار في حبّكم عشيقا :: يرجو الوصال علّه يذوقو
يامن هويتو ولا هواني :: قلبي كويتو أرجو الأمان
يامن سباني ولا دواني :: داوي فؤادي من الأحزان
آه يا غزالي ويا آمالي :: بلّغ سؤالي عشقي ضناني",MLF-19-ISB-BRW.png,ISB.PNG
MLF-20-ISB-ELJ,20,جعلني غرامي,الإصبعين,علّاجي,"جعلني غرامي في عشقك مثل :: وزادني هيام وكيف العمل
وكان لي مانس وعنّي رحل
يحب السّمر ونقر الوتر :: وشرب المدام في ضي القمر 
هجرني حبيبي ولا ذنب لي :: وزاد بي لهيبي ولا رقّ لي
ناديت يا طبيبي بالله رقّ لي
غزالي هجر وعنّي نفر :: وخلّف لعيني البكا والسّهر
بكيت لخلّي بكاءً شديد :: تلفّت وقاللي بكاك لا يفيد
سرّك لا تبوح به لمن لا تريد
يشيع الخبر وتدري البشر :: تصبّر لحكم القضا والقدر
ناديت يامغدّى يازين الملاح :: دمعي تبّدى من عيني وباح 
وما كنت ألقى له من براح
نهاري فكر وليلي سهر :: رثى لي حبيبي لمّا لي نظر
قال الظبي الأهيف يا هذا الكئيب :: أراك صب مدنف عسى أن تطيب
ترشّف ريق قرقف إن كان لك نصيب
وتجني الثّمر وورد الخفر :: وتحمد إله علا وأقتدر",MLF-20-ISB-ELJ.png,ISB.PNG
MLF-21-ISB-ELJ,21,كل وقت من حبيبي,الإصبعين,علّاجي,"كلّ وقت من حبيبي :: قدره ألفين حجّة
فاز من خلّا الشّواغل :: ولمحبوبو ترجّى 
كنت قبل اليوم ساير :: في ديوان الكون داير
في بحور الحبّ ملقى :: بين أمواج الخواطر
نرتجي في الوصل منه :: كم سقاني من مراير
قد جعلتو من نصيبي :: قال لي المحبوب أرْجَ
فاز من خلّا الشّواغل :: ولمحبوبو ترجّى",MLF-21-ISB-ELJ.png,ISB.PNG
MLF-22-ISB-ELJ,22,على العقيق اجتمعنا,الإصبعين,علّاجي,"على العقيق إجتمعنا نحن وسود العيون
وظنّ مجنون ليلى قد جنّ بعض الجنون
لا زلت حول المطايا أقول بالله إحملوني
عن سادتي خلّفوني أبكى دمًا عن عيوني
فيا عيوني عيوني ويا جفوني جفوني :: وياقلبي تصبّر علي الذين فارقوني
فارقتهم عصر الاثنين صبح الثّلاث أوحشوني 
بالله إن متّ شوقًا بأدمعي غسّلوني
نوحوا عليّ وقولوا مسكين قتيل العيون
روح يارسولي اليهم وقبّل يديهم :: واقرأ سلامي عليهم لعلهم يرحموني
جاني رسولي ويضحك وقال أبشر بصلحك
وحقّ عيشك وملحك هم بالوصال أوعدوني
أسأل الهِ كريما عسى المولى يجود
يغفر كل الخطايا هو الغفور الودود :: كافؤ بجنة عدن يكون بيها الخلود",MLF-22-ISB-ELJ.png,ISB.PNG
MLF-23-ISB-MSD,23,احرق فؤادي,الإصبعين,مصدّر,"أحرق فؤادي هذا الغزال :: خلّا قلبي ذايب رميم
نبّه علينا ثم قال :: إن كنت عاشق فاستقيم
وأخضع لحبّك ولا تنام :: وكن له دومًا خديم
كيف خلاص المستهام حالي صبح عديم دايم علي بابه مقيم
أملي فيك إتّهام :: خلًا قليبي دومًا عليل
جرّح فؤادي ياسلام ::  ــــــــــــــــــــــ 
بلا سبب ولا كلام :: ياليته كان بحالي عليم
كيف خلاص المستهام حالي صبح عديم دايم علي بابه مقيم
يابديع الحسن ياقمري :: جود بقربي لا تطل سهري
أنت أحلى الناس في نظري :: جلّ من سوّاك ياقمري
قدّك المياسى يابدري :: لغصون البان قد يغري",MLF-23-ISB-MSD.png,ISB.PNG
MLF-24-ISB-MSD,24,الا يامدير الراح,الإصبعين,مصدّر,"ألا يامدير الرّاح آفناني الغرام
ووجهك يضوي كما المصباح في ليل الظلام
ويوم نراك نفراح يابدر التّمام
قوللي كيف نطيف نصبر ياصديق بفضلك يانور عيني تكون لي رفيق
مليح الحما قد زار وأنعم بالوصال
والرّوف قد فاح عطار يابدر الكمال
بعد الغيبة ياحضّار قد طلع الهلا
بوجهٍ شريق يجلي كل ضيق بفضلك يانور عيني تكون لي رفيق
يامعشر الفقرا طبيبي حكيم
أطلعني على الحضرا كان لي نديم
سقاني مزيد خمرا من خمر قديم
سقاني رحيق أبيض كالشّفيق بفضلك يانور عيني تكون لي رفيق",MLF-24-ISB-MSD.png,ISB.PNG
MLF-25-ISB-MSD,25,التقيت على الرصيف,الإصبعين,مصدّر,"إلتقيت على الرّصيف ماشي :: وبجنبي واحد عزول واشي
صحت صيحة كأنني غاشي
يعرف وينطبع هجري وأنا عاشق دمعتي تجري
آش لي معاك من زلّة :: حتى نستحق الهجران
آش للجفا من علّة  :: من بعد المحبة يا أخوان
فوّضت أمري فيه لله :: وحلفت بأعظم الأيمان
إنّي بوصلك مانطمع واصلني تربح أجري
حبل الوصال لا تقطع :: أنا دخيلك يابدري
أعمل معبي في الحب ماتلقى :: ياما خلّف العشق حرقه
جسمي فنى ليش هكذا نلقى :: أهون علي ذوّقتني علقة",MLF-25-ISB-MSD.png,ISB.PNG
MLF-26-ISB-MSD,26,بأهل الصّفا,الإصبعين,مصدّر,"بأهل الصّفا واهل الوفا :: وأهل المعالي
شربوا كؤوسًا صافيه  :: خمرًا زلالي
وفوّضوا أمرهم :: لذي الجلالي
قد غيّبوا عنّي غيبة طويله
آش نعمل ياربّي مابيدي حيله
رأيت القمري قد غاب :: وطال مغيبه
اكبادي مشوية  :: من حر لهيبه
آش حالو يكون في الناس :: من فقد حبيبه
قد غيبوا عنّي غيبه طويله
آش نعمل ياربّي مابيدي حيله",MLF-26-ISB-MSD.png,ISB.PNG
MLF-27-ISB-MSD,27,جمر الهوى,الإصبعين,مصدّر,"جمر الهوى يحرق قلبي بنارو :: مسكين من يعشق في الحومه جارو
مسكين من يعشق أهل الحمّيا :: ماصاب شي ينطق كلمة خفيه
إن زارني المحبوب يبرا ما بيّا
أمسى خديم مملوك أخدم جوارو مسكين من يعشق في الحومه جارو
ياذا الذي أهواه سلطان قدّو :: الورد والسوسان عن صحن خدّو
سبحان من أنشأ بدنا لعبده
له عيون إملاح زنجي شفارو مسكين من يعشق في الحومه جارو
صبري كصبر أيّوب هو اللي ينفع :: حزني كحزن يعقوب بيه مولّع
لو زارني المحبوب إن كان يسمع
إذا سمح وارضي زنجي شفارو مسكين من يعشق في الحومه جارو",MLF-27-ISB-MSD.png,ISB.PNG
MLF-28-ISB-MSD,28,سير يارسول ,الإصبعين,مصدّر,"سير يارسول للحبيب :: بحقّ العهود والمنى
أنا قد عياني المغيب :: وحال البعاد بيننا
ندعو للاله المجيب :: يجمع عن قريب شملنا
باش نغنم معاك راحتي وننكي جميع الحسود
آش حال ماتطول غيبتي لا بدّ المسرّة تعود
بالله يانسيم الصّبا :: سر وأقصد ربوع الكرام
عنّي قل لهم مرحبا :: يا أهل الوفا والذّمام
وبدّغ لزين الظّبا :: سلامي بأوفى سلام
حبّي هو ضياء مقلتي نور عيني هلال السّود
آش حال ماتطول غيبتي لابد المسرة تعود",MLF-28-ISB-MSD.png,ISB.PNG
MLF-29-ISB-MSD,29,شوقي دعاني,الإصبعين,مصدّر,"شوقي دعاني وهمت يافقرا :: ديروا الأواني وأسقوني خمرا
بيها نعرّبد مابين سادتي :: عشقي مجدّد وطابت أوقاتي
بالحب أسعد عسى الفرج ياتي
يا أهل الدّيوان يارجال الحضرة ديروا الأواني وأسقوني خمرا
ياأهل الحميّة عشقي يزيد فيكم :: جودوا عليّ من طيب خمرتكم
قولوا هنيه شائق أتى ليكم
عاشق وفاني أنا بيكم نبرا ديرو الأواني وأسقوني خمرا
رقوا لحالي بالله يااهل الله :: شغلتوا بالي بيكم وحق الله
روحوا ومالي هانت في حب اله
أيا اخواني ياسادتي نظره ديروا الأواني وأسقوني خمرا
ربّي سألتك يا من له الإحسان :: بأحمد حبيبك والسّادة الأعيان
سامح عبيدك يوم الوقوف عريان
وأجمل أماني بأبي الزّهراء ديروا الأواني وأسقوني خمرا",MLF-29-ISB-MSD.png,ISB.PNG
MLF-30-ISB-MSD,30,مدير الكاس,الإصبعين,مصدّر,"مدير الكاس أفناني الحبيب :: وزارني في دجى العسعاس عن غيض الرقيب
وطاب الوقت ياجلّاس بوصل الحبيب
أنا هو العشيق في بدر رشيق بفضلك يانور عيني تكون لي رفيق
يامرحبا بدرنا قد لاح :: وعقلي في حبّكم قد سلب وبالسّر باح
والقلب في وصلكم قد شغف وملي براح
أنا هو العشيق في بدر رشيق بفضلك يانور عيني تكون لي رفيق
ياكرام الحي أهل الوفا :: أنجدو الملهوف ياسادتي
عبد كم بياكم قد وقف :: وبكم موصوف ياسادتي
وبكم يدعي طيب الوفا :: وبكم معروف ياسادتي
أنا هو العشيق في بدر رشيق بفضلك يانور عيني تكون لي رفيق",MLF-30-ISB-MSD.png,ISB.PNG
MLF-31-ISB-MRB,31,إشرب إلى الصّباح,الإصبعين,مربع,"إشرب إلى الصّباح :: صاح الطّير على القضيب
ونحن في إنشراح :: ومنعًا للرّقيب
في روضة الأقاح :: وغصنها الرّطيب
قد صحت البطاح والدّمع صديق أدر علينا الرّاح ياطلعة القضيب
أنظر إلى النواعر :: والماء قد يفور
مابين الأراهر :: قد أقبل السّرور
وأقطف لنا النّواور :: يامخجل البدور
وأشرب من الأقداح والطير على القضيب ليس لنا ياصاح واشي ولا رقيب
خد فرصة الليالي :: قبل أن تزول
كم بتّ ياغزالي :: تراقب الوصول
واليوم لا أبالي :: يامنيتي أقول
الحب في الملاح أبيح ياحبيب ألا لكلّ لاح نهجنا مريب",MLF-31-ISB-MRB.png,ISB.PNG
MLF-32-ISB-MRB,32,بدري ادر كأس الطّلا,الإصبعين,مربع,"بدري أدر كاس الطّلا :: فالرّاح للمضنى حلا
شمس تجلّت وأنجلا :: عنّا العنا فاسمح ولا
ماالصّبر إلّا جدلا :: والحبّ لا يبرح ول
خلّي من لي خلّي يكفي :: ذلّي بين الملا
يافاتني يكفي شجون :: مضناك قد ذاق المنون
بعدّت عن عيني الرّقاد :: والجسم أضناه البعاد
فارحم فتًا يرعى الوداد :: يامن تملكت الفؤاد
بالله دع عنك الصّدود :: ودقّ لي وأسمح وجود
هجران مثلي والقلا :: يفضي إلى ذوب الكلا
فاشفي ضعفي يكفي لهفي :: يامن حلا",MLF-32-ISB-MRB.png,ISB.PNG
MLF-33-ISB-MRB,33,الهوى اضنى فؤادي,الإصبعين,مربع,"الهوى أضنى فؤادي وبرى جسمي السّقام :: وتزايد بي الغرام
ياترى يدنو مرادي وأرى بدر التّمام :: لاح من تحت الغمام
قد جفى جفني رقادي وغدى جافي المنام :: ودموعي في إنسجام
فمتى يصفو مرادي وحبيبي في انتظام :: يجلو لي شمس المدام
أيّها الميّاس لينًا بالقوام الأهيف :: جدلصبّ مدنف
كفّ عن مضناك عينًا برحت بالمرهف :: دأبها لم تنصف
نبلها الفتّاك فينا في فؤادي مختفي :: راشقا بالمضعف
فالى كم ذا التّمادي كن مجيري ياغلام :: وأنعطف للمستهام
لو رعى يومًا ودادي لشفى منّي السّقام :: منيتي حلو الكلام
فتفضل يامرادي لمعذّب فيك هام :: وهو لايخشى الملام
يرتجي يوم الميعاد من يضلله الغمام :: شافعًا يوم الزحام",MLF-33-ISB-MRB.png,ISB.PNG
MLF-34-ISB-MRB,34,اهوى الغزال,الإصبعين,مربع,"أهوي الغزال الرّبربي باهي الجمال
حلو المراشف سكّري ريقو حلال
أحور حوى كلّ المحاسن والدّلال
إذا تبدّى ينجلي فاق الهلال
ياعاذلي أقصر ملامك عن غزالي
ماللعواذل في هوى روحي ومالي
حبّي أدر كاسي وعاطني المدامه
من كفّ أهيف سمهري يحلو كلامه
إن طال هجره ذا الغزال يا الله السّلامه
بدري على بدر التمام زاد إحترامه",MLF-34-ISB-MRB.png,ISB.PNG
MLF-35-ISB-MRB,35,يامعشوق ما قصدك,الإصبعين,مربع,"يامعشوق ماقصدك بهجرك تزيد
عقلي اليوم في يدّك أفعل ماتريد
أنا اليوم في يدّك عبد ممتلك
جميع السّحر في عينك خدني في شرك
مال الغصن من قدّك جسمك فريد عقلي اليوم في يدّك إفعل ماتريد
يامعشوق ياملاك ياضياء القمر
أنت حينما نراك لم نزل صابر
جلّ من أنشاك فتنة للبشر
يا ما أقسى قلبك من حديد عقلي اليوم في يدّك إفعل ماتريد",MLF-35-ISB-MRB.png,ISB.PNG
MLF-36-RSD-MSD,36,أدري,الرصد,مصدّر,"أدري يا من ليس يدري :: الحب شيء عظيم
أنا حبيبي في صدري :: في وسط قلبي مقيم
مولاي لا تفضح أمري :: محيّ العظام الرميم
وأحياني بعد أن أفناني :: وسقاني خمرًا عتيق
حتى جميع من يراني :: يقول مسكين عشيق 
أنا جرت لي غرايب :: نحكي لكم تعذروني
رحلوا عنّي الحبايب :: والله العظيم أوحشوني
شعلوا في قلبي لهايب :: والدمع جرح جفوني
خلوني هايم وفاني :: صابر على ما نطيق
حتى جميع من يراني :: يقول مسكين عشيق",MLF-36-RSD-MSD.png,RSD.PNG
MLF-37-RSD-MSD,37,أطلت الهجر,الرصد,مصدّر,"أطلت الهجر يا بدري :: على من زاد في الأشواق
بسهم اللحظ كم ترمي :: ولم تخطي أكباد العشّاق
بحالي أنت لو تدري :: ما قد حلّ بالمشتاق
فزرني وأغتنم أجري :: فإنّي باقي على أخلاقي
لو زرتني حلّ الهنا :: وفاضت بالدّموع مآقي",MLF-37-RSD-MSD.png,RSD.PNG
MLF-38-RSD-MSD,38,إن جزت على الأوطان,الرصد,مصدّر,"إن جزت على الأوطان :: عن قامة البان
سلّم على الفتّان :: أوّل وزيد ثاني
وقل له الأمان :: نمسي خديم فاني
وصف له جمع الشّجون هاجت محوني
حبّي كحيل العيون غاب عن عيوني
عن نغمة الأسحار :: يا ساقي فاسقيني
في كاس من بلّار :: يا ذابل الرّمقي
من خمرة تصفار :: تطفي لهيب عشقي
وصف له جمع الشّجون هاجت محوني
حبّي كحيل العيون غاب عن عيوني",MLF-38-RSD-MSD.png,RSD.PNG
MLF-39-RSD-MSD,39,آه على ما فات لو كان ينفع,الرصد,مصدّر,"آه على ما فات لو كان ينفع
في عشقة الخودات قلبي تولّع
يا ليت ذوك الأوقات بالوصل ترجع
وراحة الأرواح بالعود تطرب
يا سادة عقلي راح من بعد الأحباب
في كلّ يوم نذوب يزداد كربي
من فرقة المحبوب قد هام قلبي
أنا بيه متعوب نشكي لربّي
ومن شكا يرتاح إذا كان مصاب
يا سادة عقلي راح من بعد الأحباب
من فارق الأحباب حالو كحالي
هايم وقلبي ذاب والجسم بالي
آه ولا من جاب دوك الليالي
وتعود لي الأفراج بحبّي الذي غاب
يا سادة عقلي راح من بعد الأحباب",MLF-39-RSD-MSD.png,RSD.PNG
MLF-40-RSD-MSD,40,آه على ما فات نار الحشا وقود,الرصد,مصدّر,"آه على ما فات نار الحشا وقود :: هيهات هيهات زمن مضى يعود
هيهات يرجع زماننا إلينا :: والشّمل يجمع فيما مضى علينا
والبدر يطلع من أفقه مبينا
هيهات زمن فات :: يرجع لنا باثبات :: ونغموا اللذات",MLF-40-RSD-MSD.png,RSD.PNG
MLF-41-RSD-MSD,41,إن الهوى,الرصد,مصدّر,"إن الهوى قد ملك فؤادي :: بالله بالهجر لا تزيد
إن متّ بالهجر يا غزالي :: أموت في عشقك شهيد
أنظر لحالي وما جرالي الحبّ كم ذلّ من أسود
ينبيك حالي عن السؤال رق لحالتي الحسود
لكنّي أصبر ولا أبالي اللناس في عشقهم سعود
حرّمن بين البشر رقادي :: لمّا علمت أن اللقاء بعيد
وقد تألمت وطال سهادي :: وخفت من كثرة الوعيد
مهما نرى قدّك النزيه نخضع ونرعى لك الدمّام
وساعة لا أراك فيها هي عليّ كألف عام
ياسيدي مالك شبيها بالله لا تمنع السّلام
بالحبّ سألتك وبالوداد :: مع بهاء زينك الفريد
زرني ولا تشمت الأعادي :: ورفقًا يا سيدي كن لبيب",MLF-41-RSD-MSD.png,RSD.PNG
MLF-42-RSD-MSD,42,بشرى هنية,الرصد,مصدّر,"بشرى هنيّة زارني المحبوب من بعد النفار 
وأعطف عليّ محبوبي سلطان الصّغار
يخدم لي سعدي بالأنس والعيش الخصيب
قد كنت وحدي واليوم مجموع بالحبيب
واللي في قصدي نلتو على غيض الرّقيب",MLF-42-RSD-MSD.png,RSD.PNG
MLF-43-RSD-MSD,43,جا زمان الانشراح,الرصد,مصدّر,"جا زمان الانشراح :: والرياض عبق وفاح
قم يا سيد الملاح :: نمزجوا راحًا براح
قم يا بدر البدور :: ديرلي شرب المدام
بين دوحان الشّجور :: والنوّار في الإبتسام
نسمعوا حسّ الطيور :: تنشد بأفصح كلام
عندما أقراب الصّباح :: غرّد القمري العقار 
في قطيع من ذهب :: يا خديد الجلنار
ينجلي عنّي الكرب :: يا شبيه ظبي القفار",MLF-43-RSD-MSD.png,RSD.PNG
MLF-44-RSD-MSD,44,ذاك النهار,الرصد,مصدّر,"ذاك النهار نرى إنسيابي
شربنا مدام يفني الخوابي
شمس الضحى تحت السّحاب
تارة تغيب وتارة تشرق دير لي المدام البدر زوّق ديرلي الشّراب مع من نعشق
قد أشرقت عن كل جهة
جرّ النسيم ذيلو عليها
ديار الكرام بيضا نزيهة
ديار الكرام بيضا تحلّق ديرلي المدام البدر زوّق ديرلي الشراب مع من نعشق
لون العسل آش ريت منّي
أنا نعشقك وأنت تجنّي
جاك الرقيب وغواك عنّي
حتى في الكرى نومي مقلّق ديرلي المدام البدر زوّق ديرلي الشراب مع من نعشق
في هذا المليح نفني فنوني
دعني يا قبيح نقضي ديوني
ننده ونصيح ردّوا جنوني
قلا راحتي راح معتّق ديرلي المدام البدر زوّق ديرلي الشّراب مع من نعشق",MLF-44-RSD-MSD.png,RSD.PNG
MLF-45-RSD-MSD,45,عشقت سلطان الملاح,الرصد,مصدّر,"عشقت سلطان الملاح :: وأنا بيه صرت مليح
ولاح لي ضيّ الصّباح :: وصرت في حالي طريح
في حبّه قتلي صلاح :: نعم وننطق بالبيريح
قل لي آش علي من جناح إذا هويت بدر التمام
في حبّه قتلي صلاح لسيّدي نرعى الدّمام
محمد هو درهمي :: ندفعه حيث نسير
أصل المحبّة موسمي :: نعم وعيدنا الكبير
هذا الشيء ما هو من شيمي :: مع كلّ صادق وحقير
قل لي آش علي من جناح إذا هويت بدر التمام
في حبّه قتلي صلاح لسيّدي نرعى الدّمام",MLF-45-RSD-MSD.png,RSD.PNG
MLF-46-RSD-MSD,46,قد هاجت أشواقي,الرصد,مصدّر,"قد هاجت أشواقي وأنا صرت شايب
وضاقت أخلاقي من بعد الحبايب
إسقينا يا ساقي من خمر طايب
إملي كؤوس الرّاح عن كلّ جيهة :: أزهي وتيه وأفرح وأعمل نزيهة
يا طلعة الزّهراء فوح يا قماري
قصدي أزور زورة كي تطفي ناري
ونقيم له حضرة في وسط داري
قد غيّبوا عنّي غيبة طويلة :: آش نعمل يا ربي ما بيدي حيلة",MLF-46-RSD-MSD.png,RSD.PNG
MLF-47-RSD-MSD,47,لي حبيب,الرصد,مصدّر,"لي حبيب قد سمح لي :: بعده بعده بالوصال
من دموعي رقّ جسمي :: صرت مضنى كالخيال
وسعي كالبدر يجلّي :: وتبدّى كالهلال
وسقاني ووفالي :: ورماني ذا الغزال
غصن بان قد تبدّى :: بالمحاسن والجمال
ياله من ظبي مفدّى :: قد سبى بدر الكمال
وحوى في الثغر شهدا :: ذا الرّشا عذب المقال
وأسر بالجفن أسدا :: منه بالسحر الحلال",MLF-47-RSD-MSD.png,RSD.PNG
MLF-48-RSD-MSD,48,نعس الحبيب,الرصد,مصدّر,"نعس الحبيب وتذبلت وجناته :: وعيونه شواخص لم تنعس
غضي جفونك يا عيون النّرجس :: منك إستحيت إن أقبل مؤنسي
ولقد تحيّر اذ راك شواخصًا :: ترمينه بلواحظ المتفرّس
فاجابني منهن شواخص باقة :: بغصاحة من ألسن لم تخرس
قبّل حبيبك ما استطعت فإن من :: عاداتنا كتمان سرّ المجلس",MLF-48-RSD-MSD.png,RSD.PNG
MLF-49-RSD-MSD,49,يا محمد,الرصد,مصدّر,"يا محمد يا جوهرة عقدي :: يا قطب الأنام
المحبّة شوّشت لي عقلي :: وأفناني الغرام
كلّ حد له نصيب من الدّنيا وهواك لي نصيب
يا حياتي أنت في ذاتي حاضر ليس تغيب
أنت أسكرتني على سكري :: من لذيذ الشّراب
تم شاهدت وجهك القمري :: عند رفع الحجاب
تم خاطبتني كما أدري :: وفهمت الخطاب
وفهمت الخطاب بالقول أنا حالي عجيب
يا حياتي أنت في ذاتي حاضر ليس تغيب
رقتني الخمر للسّما مشروب :: في مكان سعيد
دعني نسكر ونعشق المحبوب :: كلّ يوم جديد
السّاقي الذي يقول لي توب :: ليس رأيه سديد
ونقول للعزول ما حيلتي أنا قولي عجيب
يا حياتي أنت في ذاتي حاضر ليس تغيب",MLF-49-RSD-MSD.png,RSD.PNG
MLF-50-RSD-MRB,50,قلبي يهوى معيشق,الرصد,مربع,"قلبي يهوى معيشق :: وسحر عقلي جماله
وله حويجب معرّق :: والجمال ربّي عطا له
والله آش دعاني نعشق :: في من لا يرعى وصاله
لآن قلبي بعشقه وغرامي ووجدي
المليح فعله يبقى والقبيح فلعه يلقى
يا ترى آش هو سعدي
حزت في القلب موضع :: لم تحوّل قطّ عنه
وأنا قلبي مولّع :: بالقسيمازي ولونو
ياغزالي لا ترّوع :: كل واحد وذنبه
أنا قلبي بعشقه أنا بالعشق وحدي
المليح فعله يبقى والقبيح فعله يلقى 
يا ترى آش هو سعدي",MLF-50-RSD-MRB.png,RSD.PNG
MLF-51-RSD-MRB,51,ماسبى عقلي,الرصد,مربع,"ما سبى عقلي سوى سحر الجفون :: ما سبى عقلي
حللو قتلي برمشات العيون :: حللو قتلي
عاذلي قل لي خلاصي كيف يكون :: يا عاذلي قل لي
من عيون الظبي في أكبادي جراح والوصال مرهم
من عويناتك يا سلطان الملاح يا سلام سلّم
يا قوام البان ما بين اللقاح :: يا قوام البان
جيش من النعمان على خدك فتح :: جيش من النعمان
على جمع الملاح :: أنت هو السلطان
لا تؤاخذني بأفعال قباح لا تؤاخذني
العفو يا حبيبي منك والسماح والخطا منّي
أسقني كويسًا بالله يا حبيب :: أسقني كويسًا
نغنموا شربة عن غيض الرّقيب :: نغنموا شربة
ونمتّع مقلني بيها عن قريب :: ونمتّع مقلتي
لا تؤاخذني بأفعال قباح :: لا تؤاخذني
العفو يا حبيبي منك والسماح والخطأ مني",MLF-51-RSD-MRB.png,RSD.PNG
MLF-52-RSD-MRB,52,يا صاحب البراعة,الرصد,مربع,"يا صاحب البراعة :: يا مخجل الهلال
روحي إليك وداعة :: أقبلها يا غزال
بصاحب الشفاعة :: أنعملي بالوصال
أنا دخيل فضلك :: وعيونك النّيام 
أكشف عن لثامك :: نجدّد السلام
حبيبي يا حبيبي :: يا لفتة الغزال
يا قامة القضيب :: يا طلعة الهلال
صلني وكن طبيبي :: يا بدر في الكمال
أنا دخيل فضلك :: وعيونك النّيام
أكشف عن لثامك :: نجدّد السلام
أنظر ترى المعاني :: وافهمني يا فتى
لا تنطق الأواني :: إلّا بما سكن
سبعًا هي الدّراري :: والشمس والقمر
أنا دخيل فضلك :: وعيونك النّيام
أكشف عن لثامك :: نجدّد السلام",MLF-52-RSD-MRB.png,RSD.PNG
MLF-53-RSD-BRW,53,أتاني زماني,الرصد,برول,"أتاني زماني بما أرتضي :: فبالله يا دهر لا تنقضي
ويا ليلة الوصل عودي لنا :: لأن الحبيب علينا رضى
سقاني بكأس الهوى شربة :: فعاينت في الكأس نورًا يضي
وبتنا على العهد نرعى الوداد :: وعهد المحبّين لا ينقضي",MLF-53-RSD-BRW.png,RSD.PNG
MLF-54-RSD-BRW,54,الخلاعة مقيمة في وادي فاس,الرصد,برول,"الخلاعة مقيمة في وادي فاس :: لأنه حسن بديع
عيني رأت شبّان صغار جلاس :: في مكان عالٍ رفيع
في مقام وهم يديرون الكاس :: على ذاك الرّبيع
الشّميسة مثل الذهب تسطع على تلك الشّجور
والسّواقي مثل السيوف تلمع والنّواعر تدور
هذا يوم قد لاح بالأنوار :: نور الصادق الأمين
مولد طه المصطفى المختار :: رحمة للعالمين
صلّوا عليه يا سادة يا ابرار :: على تاج المرسلين
الصّلاة دائمًا عليه تنفع :: في جميع الأمور
فيها نور الشّفيع المشفّع :: في ميعاد النّشور",MLF-54-RSD-BRW.png,RSD.PNG
MLF-55-RSD-BRW,55,الركايب ساروا عنّي,الرصد,برول,"الركايب ساروا عنّي وخلّفوني
الكب منحدر عول على السفر
ولم نجد صبر من فرقة الرّوار",MLF-55-RSD-BRW.png,RSD.PNG
MLF-56-RSD-BRW,56,درها على الكاسات,الرصد,برول,"درها على الكاسات :: زمزم يا نديمي
إملأ وأسقيني وطوف :: بالكأس نحوي
يستراح بالي وشربي :: راحي راحو
قد صفا وقتي وقد :: راق المدام",MLF-56-RSD-BRW.png,RSD.PNG
MLF-57-RSD-BRW,57,رشيق القد,الرصد,برول,"رشيق القد يا محلاه :: ظريف الشكل هيمني
قتلني ظلما يا ويلاه :: أخذ عقلي وجنني
أخذت العقل واش خليت :: ومثلك في الملاح ماريت
أخذت العهد ما وفيت :: بوصلك جود وارحمني
سبيت الناس بعيونك :: أصبحت اليوم مفتونك
فروحي يا رشا دونك :: فخذها ولا تعذّبني
سبيت الناس بالأحداق :: وحسن الخط في الأوراق
رشا من صنعة الخلاق :: سلب عرق الحيا منّي
هجرتوني على مثل آش :: وشمت الأعادي ليش
عسى في ليلى يطيب العيش :: تجوا عندي تهنوني",MLF-57-RSD-BRW.png,RSD.PNG
MLF-58-RSD-BRW,58,شعرك من جنح الغراب,الرصد,برول,"شعرك من جنح الغراب :: وخدّك ياقوت
قل لي يا زين الشّباب :: آش دووك النّعوت
زادوا على قلبي عذاب :: شفار مثل توت
سبحان من أعطاك الجمال :: والحسن العجيب
ندعوا الله بعيني نراك :: عاجل عن قريب
يا محلى شرب المدام :: أنا والحبيب
القمري ينوح والحمام :: بصوت عجيب
وإحنا في الهناء والتّمام :: عن غيض الرّقيب",MLF-58-RSD-BRW.png,RSD.PNG
MLF-59-RSD-BRW,59,فق يا الخمّار,الرصد,برول,"فق يا الخمّار :: إملألي كاسي وجدد
وغنّت الأطيار :: فوق الغصون تنشد
ورنّت الأوتار :: هاتوا كأسي نعربد
يشرح الأذهان :: يذهب الأحزان :: يا من هو يعطف عليّ
ما محلى الكاس ما بين الجلّاس على شمس العشية",MLF-59-RSD-BRW.png,RSD.PNG
MLF-60-RSD-BRW,60,قد خطفت نظرة,الرصد,برول,"قد خطفت نظرة في الزّقاق وأنا خاطم
أشعلتني جمرة في الحشا مع الخاطر
وأبيت ارعى طول الليل وأنا ساهر
أراقب الثريّا :: والنجوم إذا مالوا
يشهدوا عليّا :: الملاح فيما قالوا",MLF-60-RSD-BRW.png,RSD.PNG
MLF-61-RSD-BRW,61,مسكين من بالهوى مقيّد,الرصد,برول,"مسكين من بالهوى مقيّد :: سكران من شدّة الغرام
من يعشق المصطفى محمّد :: كيف يحلى له الفرش والمنام
أنا الذي همت باشتياقي :: هايم ومغرم ومستهام
مدامعي جرّحت أماقي :: من شدّة الوجد والغرام
لما سرى حادي النّياق :: واستقبل الشّرق والمقام
لازال في سيرة مجدّد :: ونقول يا كاشف الظلام
من يعشق المصطفى محمّد :: كيف يحلى له الفرش والمنام
بالله يا حادي النّياق :: أحملني للهاشمي الرّسول
المصطفى راكب البراق :: قد خصّه المولى بالقبول
لا زال في سيرة مجدّد :: ونقول يا كاشف الظلام
من يعشق المصطفى محمّد :: كيف يحلى له الفرش والمنام",MLF-61-RSD-BRW.png,RSD.PNG
MLF-62-RSD-BRW,62,يا عاذلي بالله,الرصد,برول,"يا عاذلي بالله :: دعني أزد عشقًا 
إذا نمُت بالله :: عشقي لمن يبقى
بالله ما احلا :: طعم الهوى يا صاح
عندي وما اغلا :: جماله الوضّاح
مهما بدا يجّلى :: يهيّج الافراح
الحب ما أنسى :: ومن يلم يشقى 
إذا نمت بالله :: عشقي لمن يبقى
ياذا الذي يدري :: بلابل الاشواق
قد لذّ لي سكري :: به على الإطلاق
هذا الهوى العذري :: تصبوا له العشّاق
وهمت في معنى :: عن غيره حقّا
إذا نمت بالله :: عشقي لمن يبقى",MLF-62-RSD-BRW.png,RSD.PNG
MLF-63-RSD-BRW,63,هل ترى يا حبّي,الرصد,برول,"هل ترى يا حبّي آش قلقك
حتى صرت تهجر من يعشقك
قال لي مر عنّي كي أرشقك
بسهام العين فتموت يا مسكين
قلت له يا حبّي قتلي حرام
إلى متى يا حبّي هذا الصّدود
نعشقك من صغري فاعطف وجود",MLF-63-RSD-BRW.png,RSD.PNG
MLF-64-RSD-BRW,64,وحسنك حين اشتهر,الرصد,برول,"وحسنك حين اشتهر :: في غرناطة وحدك :: وزينك زين الصّغار
وحين ما نقروا الوتر :: يشرق لنا ضيا خدّك :: ووجهك دورة قمر",MLF-64-RSD-BRW.png,RSD.PNG
MLF-65-RSD-ELJ,65,سلّم على ذاك الحبيب,الرصد,علّاجي,"سلّم على ذاك الحبيب اللي بدى منه الجفا
وقل له نار اللهيب في جاشي ما تنطفا
إذا غواك عنّي الرّقيب أصبر ولله الكفا
تحرج ولا ينفع حرج :: واتهبّني نيراني
لابد من ساعة فرج :: نارك يا سلطاني
يا هل ترى كان يرجعوا أحباب قلبي جيراني
حبل الوصال لا تقطعوا :: يا أهل الهوى ما حيلتي
فراقكم يا مصعبُه :: الله يصبّر لوعتي
تحرج ولا ينفع حرج :: واتهبّني نيراني
لابد من ساعة فرج :: نارك يا سلطاني",MLF-65-RSD-ELJ.png,RSD.PNG
MLF-66-RSD-ELJ,66,يخدم لي سعدي,الرصد,علّاجي,"يخدم لي سعدي :: بالانس والعيش الخصيب
قد كنت وحدي :: واليوم مجموع مع الحبيب
واللي في قصدي :: نلته على غيض الرّقيب
يزداد له كيّه :: حتى يذوق كأس المرار
اعطف عليّ محبوبي :: سلطان الصّغار",MLF-66-RSD-ELJ.png,RSD.PNG
MLF-67-SKA-BRW,67,اغفر ذنوبي,السيكه,برول,"إغفر ذنوبي يا ديّان :: أنت الرحمن
أنت القديم أنت المنّان :: أنت السّلطان
أعفو عليّ يا الهي وخذ بجاهي ياحنّان
الله لا تقطع لي نصيب
الله لا تقطع لي نصيب :: حتى أقبّل روضتك
ليش الحبيب ينسي الحبيب :: مصعب عليّ فرقتك
هذا جزاء قلبي الكئيب :: اللي حصل في عشقتلك
قللي علاش بدّلتني :: وصرت تحلف باليمين
ليش يا غزالي هجرتني :: الله حسيب الظالمين",MLF-67-SKA-BRW.png,SKA.PNG
MLF-68-SKA-BRW,68,الوي الوي,السيكه,برول,"الوي الوي ياسيدي الوي
ياويلي منّه عشقك يا خي",MLF-68-SKA-BRW.png,SKA.PNG
MLF-69-SKA-BRW,69,امسيت في,السيكه,برول,"أمسيت في أسر الذي ملكني خاضع دليل
لا هو سمح بالبيع ولا عتقني كيف السّبيل
يا من عشق يصبر على التّجني صبرًا جميل
عواقب الصبر الجميل تحمد فيها المنى",MLF-69-SKA-BRW.png,SKA.PNG
MLF-70-SKA-BRW,70,انا ياناس,السيكه,برول,"أنا ياناس أنا :: من فتنّي :: سيد الملاح
أنا من وجدي أنا :: يال فنّي :: زاد النّواح
أنا ليلي مضى :: قلّ صبري :: والعقل راح",MLF-70-SKA-BRW.png,SKA.PNG
MLF-71-SKA-BRW,71,إن الغرام,السيكه,برول,"إنّ الغرام يقتل بلا سلاح :: كلّه محن
كن حنونا وعطوفا بالملاح :: حرّم الوسن",MLF-71-SKA-BRW.png,SKA.PNG
MLF-72-SKA-BRW,72,بالهوى قلبي تعلّق,السيكه,برول,"بالهوى قلبي تعلق :: وجفى جفني المنام
والحشى منّي تمزّق :: ودموعي في إنسجام
جمع شملي قد تفرّق :: ياترى حبّي أراه
آه لولا البين ابكي :: مقلتي ما قلت آه
ذبت من جور الليالي :: وفنى جسمي الفراق
صار جسمي في إنتحال :: وقليبي في إحتراق
من يكن حالو كحالي :: قلّ أن يلقي دواه
مدّة الهجران طالت :: ياترى كيف العمل 
ودموع العين سالت :: مابقالي محتمل
حالتي في الكون حالت :: وبرى جسمي ضناه",MLF-72-SKA-BRW.png,SKA.PNG
MLF-73-SKA-BRW,73,بديت بذكر الحبيب,السيكه,برول,"بديت بذكر الحبيب :: وهمت وعيشي يطيب :: وعطف علينا الحبيب
لما دار الكاس ما بين الجلّاس 
وأحيتهم الأنفاس عنهم زال الباس
ساقاهم بكاس الرّضا عفى الله عما مضى
إشرب ياحبيبي وطيب :: وعاش في أمان الحبيب :: لقد غاب عنا الرّقيب
قم خلي الكاسات وأشرب بالطاسات
وأستغنم لدّات في مقام السّادات
بريق الحماقد أضاء عفى الله عما مضى
ياساقي ترفق بنا :: المولى غفر ذنبنا
إسقينا مدام وأنعم بالسّلام
ونحن هيام مع سادات كرام
والطف بنا في القضاء عفى الله عما مضى",MLF-73-SKA-BRW.png,SKA.PNG
MLF-74-SKA-BRW,74,بطلعة البدر,السيكه,برول,"بطلعة البدر :: قلبي ولهان
فريد في الغزلان :: وقدّه يزري
لوّع الأكنان :: ودمعتي تجري
وواصل يافتّان :: ولو وقت الفجر
يا أخي صلني :: ولو وقت السّحر :: واملأ ودنّي :: وقد حلى سكري
فزرني في البستان :: دوّر لنا الخمر
وأملالي القطعان :: فقد حان سكري
وحرّمن الأجفان :: خايف من الخطر
تكويني يافتّان :: بلحظك والشّفر
ياأخي صلني :: ولو وقت السّحر :: واملأ ودنّي :: وقد حلى سكري
نبكي من الأحزان :: قد ضرني سهري
يحكم على الدّيوان :: وجميع القطر
لك طلعة وشان :: في خدّك القمري
يشرح لنا الأذهان :: ممزوج بالنّسري
ياأخي صلني :: ولو وقت السّحر :: واملأ ودنّي :: وقد حلى سكري",MLF-74-SKA-BRW.png,SKA.PNG
MLF-75-SKA-BRW,75,قد زاد وجدي,السيكه,برول,"قد زاد وجدي في النّبي البهيج الخدّ المودّد
منيتي ياصاحب الفخر السّني الهاشمي الهادي أحمد
يا نزهة القلب وصدري ومرادي من ذكر برضاك يسعد
البها فيه تجمّل والجمال فيه تكمّل سعدنا يافوزنا بذاالرسول من حوضه نشرب ونورد
قد أتانا بالهدى والدّين الصّحيح أوضح لنا الدّين أحمد
لو نزوره صاحب الخدّ الجميل ينجلي كربي ونحمد
صاحب الفضل والقدر الرّفيع النبي الهاد الممجّد
البها فيه تجمّل والجمال فيه تكمّل سعدنا يافوزنا بذاالرسول من حوضه نشرب ونورد
نشربوا شربة من الحوش الرّفيع حوضك الصّافي المبرّد 
يابهجتي وفرحتي وسروري بصاحب التّاج المكمل
من رقى للسّبع الّطباق فوق البراق والاله له تجلى 
البها فيه تجمّل والجمال فيه تكمّل سعدنا يافوزنا بذاالرسول من حوضه نشرب ونورد",MLF-75-SKA-BRW.png,SKA.PNG
MLF-76-SKA-BRW,76,عيني وقلبي,السيكه,برول,"عيني وقلبي نشبني :: في محبتك ياغزالي
حبّك وكثر التجني :: علّمني سهر الليالي
النّاس هم فتون الناس :: مايتركو القلب سالي
دعه يجري مايجري :: أمّا الرّقيب كم نوالي
الحبّ سقاني خمرة :: عقلي ياصاحب مضى لي",MLF-76-SKA-BRW.png,SKA.PNG
MLF-77-SKA-BRW,77,ليلى وياليلى,السيكه,برول,"ليلى وياليلى مابين الأقمار :: والكأس يدور مابين جميع الأخبار
نشرب شربة هنيّة تهيّج الأفكار
من خمرة صافيه :: بيضا نقية
قم يانائم لا تنام :: ساعة هنية
ولايتّم العمل :: إلا بنيّه
صلوا على المصطفى :: خير البريْة",MLF-77-SKA-BRW.png,SKA.PNG
MLF-78-SKA-BRW,78,لوّع كنيني,السيكه,برول,"لوّع كنيني هذا الغزال :: خلى قليبي مندهش
ساهر ليالي من زمان :: حتى إذا طلع النّهار
فقلت يا هذا العزال :: إرحم قليبي ولا تخون
أصبر ولو ألفين عام وأموت قتيلا من الغرام
تكتب شهيدًا ياسلام مشهور مابين الأنام 
قد صار جسمي كالخيال :: صرت طريحًا في الفراش
فقال لي أصبر تنال :: آتي سويعه في الغلس
أعزم وكون من الرجال :: خاطر ولا تخشى العسس
أصبر ولو الفين عام وأموت قتيلا في الغرام
تكتب شهيدًا ياسلام مشهور مابين الأنام ",MLF-78-SKA-BRW.png,SKA.PNG
MLF-79-SKA-BRW,79,ياخلي البال,السيكه,برول,"ياخلي البال قد بلبلت بالبلبال بال
بالنّوا زلزلتني والعقل بالزلزال زال
يارشيق القد قد قوّست قدّك فاستقم
لأن حالي ثم بالي خالي الأشغال غال
نزهة الأرولح بدري قد حوى كلّ الجمال
لغصون البان يزري قدّه بالاعتدال
وسبى الغزال جارا مارعى حسن الجوار
في رضاه حار فكري لو يكن بعد المنال",MLF-79-SKA-BRW.png,SKA.PNG
MLF-80-SKA-BRW,80,ياطلعة البدر,السيكه,برول,"ياطلعة البدر :: العاشقين جمالك
ياباسم الثّغر :: لا تحرمني يارشا وصالك
بل إغتنم أجري :: روحي ومالي ياقمر فدالك
إنى ذهب عمري :: ومتّ مغدور طعين نصالك
وقد فرغ صبري :: وفي الهوى نجني حلالك
تفتر عن درّي :: كأنه جوهر قبالك
والله ما ءري :: أبدر تمام كمالك
أقسمت بالفجر :: وبالضّحى والليل إذا سجى لك
إنّي على السّر :: والعهد بالقي أرتجي نوالك",MLF-80-SKA-BRW.png,SKA.PNG
MLF-81-SKA-BRW,81,ياظريفا في المعاني,السيكه,برول,"ياظريفا في المعاني :: ذا الجفا عنّي منين
قال لي كم ذا التّواني :: أين أرحل عنك أين
كم أقاسي من سيوفك :: وأماني منك فين
ياقمر نحن ضيوفك :: وترانا فرض عين
كم ليالي ما أشوفك :: يابهيّ الوجنتين 
قال دعني لا تراني :: أبدًا في الحالتين",MLF-81-SKA-BRW.png,SKA.PNG
MLF-82-SKA-BRW,82,ياعيوني,السيكه,برول,"ياعيوني ساعدوني :: وأهجرو طيف المنام
في هوى من بالمحاسن :: فاق عن جمع الأنام
وأنت ياقلبي تصبّر :: وأحذر من شدة الغرام",MLF-82-SKA-BRW.png,SKA.PNG
MLF-83-SKA-BRW,83,يا ل قومي,السيكه,برول,"يال قومي ضيّعوني :: ورأوا قتلي مباحا
للمنايا أسلموني :: عندما سلو السّفاحا 
صرت لما تركوني :: أملأ الدّنيا صياحا
ضيّعوني ببديل مابه بعض الجمال
ولهم كم من قتيل بلحاظ كالنّبال
غيّبو طلعة شمسي :: عدّموا منها البديلا
خلّفو من بعد أنسي :: في الحشا نارًا شعيلة
لو فدتني كلّ نفس :: كانت في حقي قليلة
منعوني من حماهم لا ولا راعو صنيعا
لو درو ماضاع منهم قاتلوا عنّي جميعًا",MLF-83-SKA-BRW.png,SKA.PNG
MLF-84-SKA-BRW,84,يامحرمة خبّريني ,السيكه,برول,"يامحرمة خبّريني :: عن حبّي نايم فين
نايم على فرش عالي :: أسمر كحيل العين 
طلبت منه الوصال :: فقال لي نهار الاثنين
أمّا نهار الثّلاث :: ففيه قتل الحسين",MLF-84-SKA-BRW.png,SKA.PNG
MLF-85-SKA-ELJ,85,أوحد ولا أبالي,السيكه,علّاجي,"أوحد ولا أبالي على غزالي
يا ألف ما شاءالله على الحبايب",MLF-85-SKA-ELJ.png,SKA.PNG
MLF-86-SKA-ELJ,86,ذا اللحظ,السيكه,علّاجي,"ذا اللحظ قد سحر عقلي ولبّي يفداه
فؤادي ينتظر في الوصال فمتى يلقاه
قليبي ينفطر قد طال بي الوقت
روحي في خطر محفوفه بالموت",MLF-86-SKA-ELJ.png,SKA.PNG
MLF-87-SKA-ELJ,87,زارني حبّي,السيكه,علّاجي,"زارني حبّي بعد ما جفا :: وآتبدّد كربي
وأتيقّنت بخاطر أصفا :: حين أبغا قربي
وأجذبني بالصدّق والوفا :: وأقلع عن حجبي
وظهر لي سرّما خفي عنّي في جذبي
نار غرامي ماتنطفا :: عمري من قلبي
ما منّي لك مخلّفا :: يقتل أو يسبي
لاموني في هواه ما كفا :: وأتّقوا عجبي 
وأنا حالي ماينتفى راسخ في شربي",MLF-87-SKA-ELJ.png,SKA.PNG
MLF-88-SKA-ELJ,88,قد بشّرت,السيكه,علّاجي,"قد بشّرت بقدومكم ريح الصّبا
أهلا بكم يازائرين ومرحبا
قد أشرقت أرواحنا ترجو اللقا
ياحسنه لما أتانا وأطربا
إلى اللقاء قلبي يميل :: آنستم مرحبا",MLF-88-SKA-ELJ.png,SKA.PNG
MLF-89-SKA-ELJ,89,يا امام المرسلين,السيكه,علّاجي,"يا إمام المرسلين :: ياشفيع المذنبين
أرسلك مولى الموالي :: رحمة للعالمين
النّبي الهادي الممجّد من أتانا بالصّلاة
ياصالح المصلحين :: ياشفيع المذنبين 
أرسلك مولى الموالي :: رحمة للعالمين
ياقمر فوق الثّريا :: بالبها مالك مثيل
ردّك الرحمن ليّا :: داويني جسمي عليل",MLF-89-SKA-ELJ.png,SKA.PNG
MLF-90-SKA-MSD,90,الذهب يزداد حسنًا إذا انتقش,السيكه,مصدّر,"الذهب يزداد حسنًا اذا أنتقش :: أيّها الواشي
والزّهر عن خد بدري كالنّمش :: زاد شي عن شي
خذ دا المحبوب يشرق بالفتوش :: من دوحة شاش
كأنّه البدر على تلك العروش :: ليلة أربعطاش
علّني وأعمل على قتلى :: ما علمت علاش
لو علمت أنّه على قتلي فتش :: إليه ما نمشي
ذا الغزال الذي بعقلي قد مشى :: ذابل التّرميش
رعبني معشوق مثله ما ينشا :: في وطن التّرشيش
أرسل إليّ من الجيوش المعطّشا :: جيش يعقب جيش
كلّ جيش قلبي منه يرتعش :: إنكدر عيشي",MLF-90-SKA-MSD.png,SKA.PNG
MLF-91-SKA-MSD,91,اواه من جور الهوى,السيكه,مصدّر,"أوّاه من جور الهوى هواني :: من بعد عيشي الهني
وأستأسرتني صحبة الغواني :: وكنت عنها غني
لم أنسه لما مشى وجاني :: بورد خدّه ألجني
وقال خذها أوّلا وثاني وبعدها في مامن
جمع القماري كلّهم يتامى :: وصرت معاهم يتيم
وهم دواهم صادح البشامه :: وأنا دوايا عليم
ياعاذلي لا تكثر الملامة :: في من شرد مثل ريم",MLF-91-SKA-MSD.png,SKA.PNG
MLF-92-SKA-MSD,92,قطر الندى,السيكه,مصدّر,"قطر النّدى رش البطاح :: يانائمين الليل راح
يانائمين لا ترقدوا :: وسط الرّياض قوموا عريدوا
واذا حلى قوموا جدّدوا 
وامزج لنا راحًا براح يانائمين الليل راح
ضو الصّباح لمّا بدى :: نشر علامو فوق ردا
قل للعشيق قلبي غدا
كيف غدى والفجر لاح يانائمين الليل راح",MLF-92-SKA-MSD.png,SKA.PNG
MLF-93-SKA-MSD,93,عذّبت قلبي,السيكه,مصدّر,"عذّبت قلبي بالجفا :: والهجر والصّدّ
ياخلّ صلني ما كفا :: وأجعل لذا حدّ
كم ذا تعد ولا وفا :: أطلت ذا الوعد
ياظبي نافر للأسد آسر :: يامائس القدّ الرّشيق :: يكفيك تهاجر
سبحان ربّي كمّلك :: بالحسن سلطان 
هل أنت ياحبّي ملك :: في شكل إنسان
أو أنت بدر في فلك :: أو ظبّي نعمان
سلطان آمر مالك مناظر :: يحكم على أهل الفريق :: وربع عامر
قصّر بحقك ذا الصدود :: لماذا التجافي
ما آن ياخلّي تعود :: ولي توافي
فليس صادق في العهود :: صبّ خلافي
تحت الأوامر بالروح اخاصر :: عسى أفوز برشف ريق :: فاق السّكاكر",MLF-93-SKA-MSD.png,SKA.PNG
MLF-94-SKA-MSD,94,ياحادي العيس,السيكه,مصدّر,"ياحادي العيس أمهل قليلا :: لأنّي مغرم بالهوى قتيلا
ياحادي العيس عليّ مهلا :: لأن قلبي بالحبّ مبلا
قصدي في ليلى نراها تجلا :: في وجنتيها غرة كحيلا
إن زرت ليلى يهون أمري :: ويبدّل الله عسري بيسري
يامالك الملك أقل عثاري :: لأن سيبي كسى عضاري
والليل عندي صبح نهاري :: ومابقى لي سوى ألّرحيلا
وأصبح في عرفات جبل مبارك :: لقطب الأنام تبقى نهارك
نطلب من الله نكون جارك :: نمحي ذنوبي ونزور ليلى
وفي منى تنزل الرّكايب :: وتجتمع فيها شاب وشايب
شامي ومصري ترى العجايب :: وكلّهم يطلب الوسيلة",MLF-94-SKA-MSD.png,SKA.PNG
MLF-95-SKA-MSD,95,ياخلي البال,السيكه,مصدّر,"يا خلي البال قد بلبلت بالبلبال بال
بالنّوا أحرقتني والعقل بالزلزال زال
لأن حالي ثم بالي شاغل الأشغال غال
يا رشيق القدّ قد قوست قدّك فاستقم",MLF-95-SKA-MSD.png,SKA.PNG
MLF-96-SKA-MSD,96,ياكامل الأوصاف,السيكه,مصدّر,"ياكامل الأوصاف :: هجرك حرمني النّوم
لو كان معاك إنصاف :: واصل محبّك يوم
يا لائم الولهان :: تعامل متيّم ليه
بالصّد والهجران :: قوللي ينوبك إيه",MLF-96-SKA-MSD.png,SKA.PNG
MLF-97-SKA-MRB,97,يا أهل الهوى,السيكه,مربع,"يا أهل الهوى هل من دوا
قلبي إنكوى :: من الجوى :: زاد إحتراق
يا أهل الهوى هل من سبيل
إلى اللقاء قلبي يميل
أشكو النّوى صبرًا جميل
أشكو هواي :: ونار حشاي :: فكان جفاي
في الصّبر ضاع كلّ الأمل
يوم الوداع مالوش مثال
زادني ولا حبّ الغزال
عشق الحبيب :: شي غريب :: صبري عجيب",MLF-97-SKA-MRB.png,SKA.PNG
MLF-98-SKA-MRB,98,يافريد الحسن,السيكه,مربع,"يافريد الحسن يا من لحظه بالفتك صايل
بالفتى يشكو غراما في هواك يا أبن الأصايل
جلّ من بالحسن من قد منّ قدّك ميّاس عادل
لا تكن للصّب عابس يا مليك الغيد يا أهيف
يالقومي بتّ أسري حيث بدر التّم لاح
حبّه في القلب يسري وهو لايبغي براح
ويحه كم رام أسري وبسرّي الدمع باح
من رأى ذا القدّ مائس سبّح الباري ومجدّ
أو رأى ذا الطّرف ناعس قال سحرًا في مهنّد
مرهفا قد ظلّ حارس روضة الخدّ المورّد
ياله يرمي الفوارس وهو في الجبال مبعد ",MLF-98-SKA-MRB.png,SKA.PNG
MLF-99-SKA-BRW,99,الله لا تقطع لي نصيب,السيكه,برول,"الله لا تقطع لي نصيب :: حتى أقبّل روضتك
ليش الحبيب ينسى الحبيب :: مصعب عليّ فرقتك
هذا جزاء قلبي الكئيب :: اللي حصل في عشقتك
قللي علاش بدّلتني :: وصرت تحلف باليمين
ليش يا غزالي هجرتني :: الله حسيب الظالمين",MLF-99-SKA-BRW.png,SKA.PNG
MLF-100-MHR-MSD,100,أهيل الحما,المحير,مصدّر,"يا أهيل الحما لقد :: طال شوقي اليكمً
قلتم الحبّ ينجحد :: أما ما طقت اكتموا
فارقت روحي الجسد :: عذّبوا ما عليكمً
وكلّ م تفعلوا معي من صدود ومن نّفار 
زاد فيكم تولعي ما يفيدني سوى الصبر
عندما جئت للدّيار :: ودموعي على الخدود
وقليبي على الجمّار :: ونيراني تشعل وقود
قلت يا قلبي الصّبر :: الذي فات لا يعود
فاضت من عيني ادمعي ونفوز عندما حضر 
زاد فيكم تولّعي ما يفيدني سوى الصبر",MLF-100-MHR-MSD.png,MHR.PNG
MLF-101-MHR-MSD,101,فم بنا نجلو الحميّا,المحير,مصدّر,"قم بنا نجلو الحميّا في رياض الجلنار
وأمزج الكاسات هيّا في لمي فيك العقار
وأدنو يا باهي المحيّا وتغضّل بالمزار
منيتي باهي المحيّا صاحب القدّ الرشيق
حاز في الثغر حميّا أسكرتني لا أفيق
فعسىأن أتملّي بعد ذيّاك الهلاك
جدلصب لو تسلّى لو تسلّى عن هواك
وعن الآل تخلّى وهو لم يعشق سواك",MLF-101-MHR-MSD.png,MHR.PNG
MLF-102-MHR-MSD,102,ناح الحمام,المحير,مصدّر,"ناح الحمام المطوّق :: فقم بنا يا نديم
نشرب شرابًا مروّق :: من الشّراب القديم
من خمرة عتّقوها :: صهباء تبري السقيم
عروسة قد جلّوها :: في جنح الليل البهيم
الله قد قال قولّا :: في الكتاب القديم
نبّي عبادي بأنّي :: أنا الغفور الرحيم
يا غارقًا في الخطايا :: والقلب منه سقيم
قد قال ربّي تعالى :: وقوله المستقيم
نبّي عبادي بأنّي :: أنا الغفور الرحيم
يا من إعترّ جهلًا :: في كلّ وادي يهيم
لم يخشى ربًا عظيمًا :: وفي الخطايا مقيم
قد قال إنّ عذابي :: هو العذاب الأليم",MLF-102-MHR-MSD.png,MHR.PNG
MLF-103-MHR-MRB,103,سلّم على ذاك الحبيب,المحير,مربع,"سلّم على ذاك الحبيب :: اللي بدا منه الجفاء
وقل له نار اللهيب :: في جاشي مابت تنطفا
إذا غواك عنّي الرّقيب :: أصبر ولله الكفاء
نحرج ولا ينفع حرج وأتهتبّني نيراني
لا بدّ من ساعة فرج نراك يا سلطاني
يا هل ترى كان يرجعوا :: أحباب قلبي جيراني
حبل الوصال لا تقطعوا :: يا أهل الهوى ما حيلتي
فراقكم يا ماصعبوه :: الله يصبّر لوعتي
نحرج ولا ينفع حرج وأتهتبّني نيراني
لا بدّ من ساعة فرج نراك يا سلطاني",MLF-103-MHR-MRB.png,MHR.PNG
MLF-104-MHR-MRB,104,لاقاني حبيبي,المحير,مربع,"لاقاني حبيبي :: وحكيت له عمّا جرالي
وأشتاق رفيقي :: ياعني رخيص وسومي غالي
يا موحش مغيبك :: يوم اللي تجي نعمل كرامة
قال جاء حبيبك :: قلت الحمد لله على السّلامة
هو مسكك وطيبك :: وراحتك بلا ندامة
أمن هو التّجارة وعليك منام الليل طوله
يا قمر في داره سألوا العاشقين فيما يقولوا
قلبي متى يشقى :: يومًا لا ترى عيني خياله
حزت العقل حقًا :: أنا يا مليح ترجي وصالك
لا تتعب ولاتشقى :: انا يا غزال نهوى جمالك
أمن هو التّجارة وعليك منام الليل طوله
يا قمر في داره سألوا العاشقين فيما يقولوا",MLF-104-MHR-MRB.png,MHR.PNG
MLF-105-MHR-MRB,105,ماذا كتمت حبك,المحير,مربع,"ماذا كتمت حبّك :: وأنت تريد الوصال
الهجر فيك المحبّة :: أحلى من الوصال
السّهر فيك يا حبّي :: فيه راحة القلوب
بعد أن حلى شربي :: آش لزّني نتوب
لا توبة يا حبيبي :: إلّ من الذنوب
أفتّش في المراوي :: أفتّش على الحلال
ما رأيت من يحرّم :: صيادة الغزال
أهواك يا حبيبي :: يا لفتة الغزال
يا فامة القضيب :: يا طلعة الهلال
صلني وكن طبيبي :: يا بدر في الكمال
قد فزت يا حبيبي :: بالحبّ والجمال
أفتّش في المراوي :: أفتّش ع الحلال
ما رأيت من يحرّم :: صيادة الغزال",MLF-105-MHR-MRB.png,MHR.PNG
MLF-106-MHR-MRB,106,منيتي من رمت قربه,المحير,مربع,"منيتي من رمت قربه :: صادني بالمقلتين
وأخذ عقلي وسار به :: باحمرار الوجنتين
ومليح زاد عجبه :: قاتلي في الحالتين
وظلمني من أحبّه :: بالجفاء ظلم الحسين
أشفعوا لي يا آل ودّي :: عند حبّي باللقاء
علّه يسمح بقربي :: ويزيل عنّي الشّقاء
سال دمعي فوق خدّي :: يا حبيبي صارعين
وظلمني من أاحبّه :: بالجفاء ظلم الحسين
بفؤادي قد تحكّم :: يا أخلّاء الهوى
واصطباري قد تصرّم :: ورماني بالنّوى
ما بقى لي حال يعلم :: مذ رأيت الشّامتين",MLF-106-MHR-MRB.png,MHR.PNG
MLF-107-MHR-BRW,107,ألف يا سلطاني,المحير,برول,"ألّف يا سلطاني :: والهجران كواني
باء بليت بنظرة :: تاء تاه عنّي الزّهرة
ثاء ثلاثة في حضرة :: جيم جار عنّي سلطاني
حاء حالي ظاهر للنّاس :: خاء خلّف قلبي الوسواس
دال درها يا بن عبّاس :: ذال ذلّني وجفاني
راء ربّي يعلم حالي :: زاء زرني هيّا حِبّي
سين سلامي مجدّد :: شين شايق للعدناني
صاد صبريرحل عنّي :: ضاد ضرّني وأتعبني
طاء طالت وحشة قلبي :: ظاء ظرّني كتماني
عين عيّاني وشغبني :: غين غاير يا إخواني
فاء فاز قلبي بأحمد :: قاف قصدي الرّوضة نسعد
كاف كم لي فيك نراجي :: لام لوصلك محتاج
ميم منك علاجي :: نون نيراني في أكناني
هاء هو غاية طلبي :: واو وصلك هو طبّي
ياء يذهب لي أحزاني",MLF-107-MHR-BRW.png,MHR.PNG
MLF-108-MHR-BRW,108,بأي سبب احكيلي,المحير,برول,"بأي سبب احكيلي :: يا قدّ غصن الفضّة
يا مفردًا في جيلي :: آمر بشيءٍ يقضى
بالله لا تسيء لي :: أعطف عليّ وارضى
الحب ماله مسلك لو ذقته تعذرني
خمم وقيس بعقلك بأي سبب تهجرني",MLF-108-MHR-BRW.png,MHR.PNG
MLF-109-MHR-BRW,109,عن نغمة الأسحار,المحير,برول,"عن نغمة الأسحار :: ريت الكؤوس تجلى
وفاحت الأزهار :: واكسو الرّياض حلّه
فوق الغصون يا صاح :: ريت الطّيور جملة
قم نبّه الجلّاس :: يا من سبى لبّي
بين الزّهر والياس :: قد لذّ لي شربي
يا ساقي لا تعجز :: قم جدّد الخمرة
لون الشّراب وامزج :: في كاس من فجرة
لون الشّراب قرميز :: يا ادعج الشّفرة
قم نبّه الجلّاس :: يا من سبب سهدي
بين الزهر والياس :: قد لذّ لي شربي",MLF-109-MHR-BRW.png,MHR.PNG
MLF-110-MHR-BRW,110,هزني الشوق,المحير,برول,"هزّني الشوق يا الأحباب :: والغرام مزّق فؤادي
الشّيخ سيدي عبد الوهّاب :: هو قصدي ومرادي
جيتك قاصد يا شيخ الباب :: بيك ننده وبيك انادي
نظرة لله يا شيخ الباب :: أنت وجميع الأسيادِ",MLF-110-MHR-BRW.png,MHR.PNG
MLF-111-MHR-BRW,111,يا ذا الذي يدري,المحير,برول,"يا ذا الذي يدري بلابل الأشواق
هذا الهوى العذري :: تصبوا له العشّاق
قد لذّ لي سكري :: به على الإطلاق
في القلب ما أقوى :: من خمرة تسقى
إذا نمت بالله :: عشقي لمن يبقى
ياذا الذي يعلم :: تنافر الغزلان
هذا الرّشا الأريل :: تصبوا له الخلّان
قد لذّ لي الأحلام :: في حبّه الخذلان
الحب له ملّه :: من يلم يشقى 
إذا نمت بالله :: عشقي لمن يبقى
شربت راح الحب :: في راحة المحبوب
وخصّني بالقرب :: ولست بالمحجوب
وودّني بالشّرب :: وكمّل المطلوب
وهمت في معنى :: عن غيره حقّا
إذا نمت بالله :: عشقي لمن يبقى",MLF-111-MHR-BRW.png,MHR.PNG
MLF-112-MHR-BRW,112,يا من حكى خده الشقائق,المحير,برول,"يا من حكى خدّه الشقائق :: وماله في البهاء شقيق
تركتني بالدّموع شارق :: لما بدى خدّك الشّريق
سللت من ناظريك صارم :: للفتك يا شادن الصّريم
ورحت يوم الفراق سالم :: وقد تركت الحشى كليم
متى أراك الغداة قادم :: يا من غرامي به قديم
شيّبت من هجرك المفارق :: وسرت مع جملة الفريق
ما بين حادي حدى وسايق :: حملي بمن ساقه وسيق
لسايل الدّمع صوت ناهر :: مذ سال في وجنتي نهمر
وسرت والقدّ منك خاطر :: والقلب منّي على خطر
لست على ذي الجفى بقادر :: لكن بهذا جرى القدر
سهم النّوى من يديك مارق :: وقد غدى للدّما مريق
فاسمح بوعدٍ يكون صادق :: ولا تكن تهجر الصّديق",MLF-112-MHR-BRW.png,MHR.PNG
MLF-113-MHR-ELJ,113,البعاد أمره صعيب,المحير,علّاجي,"البعاد أمره صعيب من يحمله :: فيه حار العاشقون كيف يفعلوا
وهو لو مرسول عجيب حين نرسله
ما بقى في الحي من يحمل رسالة :: وهو ما يبري العاشقون إلّا الوصال
يا مليح أنت الهلال أنت القمر يا شبيه ظبي القفار إذا انتشر
أنت فتنه يا قمر بين البشر
ما بقى في الحي من يحمل رسالة :: وهو ما يبري العاشقون إلّا الوصال
كم تغيب يا مليح وتحتجب :: ننتظر إلى وصالك نرتقب
حسبك الله اشقي قلب من سلب
جهوتي لما ضاق صدري بلا محالة :: أمّا قلبي قائل يا رب لا لا",MLF-113-MHR-ELJ.png,MHR.PNG
MLF-114-NWA-ELJ,114,الصباح نشر علامو,النوى,علّاجي,"الصّباح نشر علامو :: وبدى لونه الشريق
والضياء جرّد حسامو  لونه يحكي العقيق
المليح له علامة   كالنجوم الضّاوية
سادتي أبقو بالسّلامة  والهناء والعافية
عم ترى الفجر يجّلا  في المشارق كالأعلام
والرّياض صبح في حلّه  والضّياء طرد الظّلام
الكيور صاحت جملة  اذكروا من لا ينام
والزّهر زاد ابتسامه حسن جرت الساقية
سادتي يا أهل الكرامة  دمتم والأفراح باقية",MLF-114-NWA-ELJ.png,NWA.PNG
MLF-115-NWA-ELJ,115,أول ما نبدأ نقول,النوى,علّاجي,"أول ما نبدا نقول  والصلاة على الرّسول  يجلي عنّا كل هول
أوّل ما نبدا بادي  والصّلاة على الهادي  صاحب القدر العالي
أول ما نبدا باسم الله  والصّلاة على رسول الله  يشفينا من كل علّة
أول ما نبدا تاليفي والصّلاة على الشّريف  صاحب الدين الحنيف
أول ما نبدا نتكلّم  على النّبي نصلّي ونسلم  على هذا الرسول الأعظم
من صلّى عليه يربح  بالصّلاة يفلح وينجح  في الجنان الدّايم يسرح
باسم الله نبدا نظامي  والصّلاة مع السّلام  على النّبي خير الأنام
يا خير من جا للوجود  من خصّه الربّ المعبود  بالمعجزات والوعود
نبينا طه الممجّد  به غدًا نرقى ونسعد  يوم أنّادي يا محمد
صلاة ربّي عليه ديما  مع التّحية والتسليمة  وآله والتّابعين",MLF-115-NWA-ELJ.png,NWA.PNG
MLF-116-NWA-ELJ,116,عشقي تولّع بالتهامي,النوى,علّاجي,"عشقي تولع بالتهامي = الهادي مصباح الظلام = المصطفى صاحب المقام
قلبي تولّع بالرسول = الهاشمي أهل البتول = يجلي عنّا كل هول
قلبي تولّع بالنّبي  = أجهد بمدحه يا ذكيّ = تسعد ولا تكن شقي
غرامي زاد بِطَهَ المعلّي = بشرعه قد أحيا الملّة = من وجهه النّور تجلّى
يا مصطفى أنت إمامي = أنت الصادق في الكلام = أنقدنا في يوم الزّحام",MLF-116-NWA-ELJ.png,NWA.PNG
MLF-117-NWA-ELJ,117,لوع كنيني,النوى,علّاجي,"لوّع كنيني ذا الغزال = خلّا قليبي في إمتحان = جوّر علينا بالدّلال
لوّع قليبي باللحاظ = خلّفلي حرقة في الفؤاد = يكفيك من هذا البعاد
لوّع فؤادي بالعيون = خلّفلي في القلب جنون = بحبّك زاد المحون
لوّع فؤادي بالأماق = خلّفلي في قليبي إحتراق = تعالوا شوفوا يا عشّاق
لوّع فؤادي بالنّظر = خلّا قليبي في خطر = من خذه قلبي انسحر
لوّع قليبي بالأجفان = خلّفلي في قلبي أحزان = غرامي فيه من زمان
لوّع فؤادي بالخدود = وصرت في نار الوقود = الحبّ صار في برود",MLF-117-NWA-ELJ.png,NWA.PNG
MLF-118-NWA-MSD,118,أليف قبل لامين,النوى,مصدّر,"أليف قبل لامين :: والهاء قرّة العين
أليف أول الاسم :: ولامين بلا جسم
وهاء غاية الرّسم :: تهجا سرّ الحرفين/تجد اسمًا بلا أين
أليف قبل لامين والهاء قرّة العين
حروف كلها تتلى :: ترى القلب بيها يجلى
ويجلى بعد ما يبلى :: ويدرج بين كافين/برمزين رقيقين
أليف قبل لامين :: والهاء قرّة العين
غرمي في الهوى قد باح :: وفجري بعد ليلى باح
وصرت للوجود مصباح
وشمس بين قمرين :: ولم أدري أنا أين
أليف قبل لامين :: والهاء قرّة العين",MLF-118-NWA-MSD.png,NWA.PNG
MLF-119-NWA-MSD,119,من يعشق الغزلان,النوى,مصدّر,"من يعشق الغزلان :: يخدم كما تخدم العبيد
ويصفف القطعان :: ويراقب النّجم السعيد
يبقى هني مطمان :: يفعل قي حكمه ما يريد
يبقى في حالُهُ سلطان :: ويراقب النّاس بالنّظر
يا مبدع القطعان :: حين جلسنا بين الغروس
بربايب وعيدان :: ومغاني تحي النّفوس
وسلطان الغزلان :: جالس بجنبي كالعروس
نتناول الكيسان :: ما بين دوحات الشجر
مهما يراك إنسان :: يقول ما هذا بشر",MLF-119-NWA-MSD.png,NWA.PNG
MLF-120-NWA-MSD,120,يا بن عيسى,النوى,مصدّر,"يا بن عيسى يا ولي مكناس :: أفزع وهزّ الراس
يا بن عيسى يا قطب الأسرار :: أفزع لنا بالله
هذا ذكر الله والأنوار :: والعون من الله
أنت شيخي يا بن عيسى :: مدّني بالكاس :: يبري ويجلي الباس
يا بن عيسى يا ولي مكناس :: أفزع وهز الراس
يا بن عيسى هيا يا سلطان :: نور النّبي قد لاح
نوره قد حاط بالأكوان :: عمّ بالأنوار
أنت شيخي صاحب الدّيوان :: في الحضرة الفتّاح
بالنّبي المبعوث حقًا لجميع النّاس :: أحضر يا شيخ مكناس
يا بن عيسى يا ولي مكناس :: أفزع وهزّ الراس
أفزعوا يا أولياء الله :: في مولد الرسول
هذا يوم فيه نور الله :: والنور لا يزول
نفرحً بخير خلق الله :: بالصجق والقبول
في بطاح الأرض حتى في مدينة فاس :: والسّر في الإخلاص
يا بن عيسى يا ولي مكناس :: أفزع وهز الراس ",MLF-120-NWA-MSD.png,NWA.PNG
MLF-121-NWA-MRB,121,العين تنشب,النوى,مربع,"العين تنشب :: من لا يساعد قلبهُ يتعب
أمّا أنا عيني :: نشبتني قد ساعدها جفني
في من فتنّي :: جمالهُ ويعرض في التّجنّي
خلّاني مفني :: ما ندري متى وهو يمني
يوعد ويخلف ما ندري :: خايف ولّا مرهف
كيسان الهوى :: حلال نشرب إن شئت شربة
عيني الأذيّة :: نشبتني ولم تحسن إليّ
خوفي رزيّه :: نفنى ونتوب يا أهل الحميّة
بنظرة خفيّه :: زادتني سبب في وصل البنيّة
في خد مذهب مبيسم :: عقيق أحلى وأعذب",MLF-121-NWA-MRB.png,NWA.PNG
MLF-122-NWA-BRW,122,بخديدك ورد نادي,النوى,برول,"بخديدك ورد نادي :: مرادي منه أقطف
والحاظك تنادي :: وأحشائي ترفرف
مرادي واعتمادي :: بيها يا خلّ تسعف
مرادي منك ضمّة :: وليّة فوق جيدك
ولي حاجة مهمّة :: أصير بيها عبيدك ",MLF-122-NWA-BRW.png,NWA.PNG
MLF-123-NWA-BRW,123,زلت بعشقه,النوى,برول,"زلّت بعشقه :: ما أعظمها من زلّة
صابت برشقه :: فيالها من رشقة
أرحم خضوعي :: وترفق بي
ولا تزدني :: حزنًا على ماضي
الحمد لله :: على ما عطى ربّي
أستغفر الله :: على ما مضى منّي ",MLF-123-NWA-BRW.png,NWA.PNG
MLF-124-NWA-BRW,124,صاحب الحضرة,النوى,برول,"صاحب الحضرة والشّمعة ضاويها :: صاحب الحضرة سيدي علي عزوز
عليك بالحضرة إن كنت عاشق فيها :: وأترك العذر أعبدد القيّوم
لازم الذكر وأعرف معانيها :: من البالء تبرى سرّها معلوم
واصل الفقرا من بعيد تجيها :: وأترك الهجر لا تؤخر يوم
أجتهد وأقرا الحزب يا ساقيها :: تأتيك بالنصرة من شيخك الحيطوم
أطلب فحل الرّجال ينصر المظلوم :: هو بحر الكمال صاحب العلوم
يا ساكن مكناس تبغي منك النّصر :: اسقيني الكيسان في حضرتك مغروم ",MLF-124-NWA-BRW.png,NWA.PNG
MLF-125-NWA-BRW,125,غنّو بكل حلة,النوى,برول,"غنّوا بكل حلّة :: لين بينوا صداهم 
كاس المدام يجلى :: حسن يبلغوا مداهم
تحلف بدور تجلى :: سبحان من نشاهم
سبحان ربّي زانهم :: عالي القدر صور محاسنهم :: بصورة باهية
تناقلوا بدوحان عنّي وخلّفوني :: تغامزوا بشفرات من الحسن عذّبوني
قالوا الملاح كلمات أزادوا يعجّزوني
قالوا الملاح أشرح لنا ما يذكر إن كان معاك علم الهوى والقافية",MLF-125-NWA-BRW.png,NWA.PNG
MLF-126-NWA-BRW,126,فق يا حنيني,النوى,برول,"فق يا حنيني وأسمع لغة أم الحسن :: غنّت في بستان فيه الزّهر من كلّ فن
خيلي وسوسان قد كللوا ورد الجنان
والنسري يسري على ذاك الورق :: كالصبح بشّر على ضي الشّفق
الله بلاني نصير على حكم القضا :: للصّبر ترجع هو محلّ الرضا
تالله يا صاحب عقلي ومالي مضى
إن متّ عاشق نكتب عذا من الشّهداء :: إفرح وخلّي أمر غدٍ إلى غدا ",MLF-126-NWA-BRW.png,NWA.PNG
MLF-127-NWA-BRW,127,في ليلة الإسراء,النوى,برول,"في ليلة الإسراء عرّج محمّد :: في سدرة المنتهى يرقى ويصعد :: من العرض قد دنى الهادي أحمد
ساهر حيران وبيه نرغب :: قلبي ماس ولهان في حب الهادي :: المصطفى العدنان غاية مراادي
يشفع لنا السّلطان ويوم الميعاد :: وكلّم الرّحمن وفاز بالقرب :: ساهر بيه حيران وفيه نرغب
 من قلبي ولبّي وبلّغ تحيّة :: للهاشمي العربي هو خير البرية :: ساهر نبكي يا أهل الحمية ",MLF-127-NWA-BRW.png,NWA.PNG
MLF-128-NWA-BRW,128,ليلى ويا ليلى ,النوى,برول,"ليلى ويا ليلى :: حزت الجمال وحدك
وآش من عقلهً :: يبقى لمن يرى حسنك
آه على حالي :: إذا نغيب غيبه
لا عيش يحلى لي :: حين نرى طيبه
ونبلغ مرادي :: ونطوف بالكعبة
يا طلعة الزهرا :: اسمك عزيز مكتوب
مهما نراك نبرا :: وينجلي المكروب
يا نور نور النّور :: يا صاحب الخاتم
أعطاك ربّي النور :: سمّاك أبا القاسم
صلّوا على الهادي :: صلّوا عليه شوقًا
عزمي ورشادي :: المصطفى حقًا ",MLF-128-NWA-BRW.png,NWA.PNG
MLF-129-NWA-BRW,129,يا صاحب الوجه الجميل,النوى,برول,"يا صاحب الوجه الجميل على قوام الغصون
يا من إذا عاينته :: يساقط الورد الجاني
ووجهه دورة قمر :: وقدّه يعجبني
قالوا فما أجمله :: قلت يعشقني
قالوا أتعشق ذا الرّشا :: قلت من يحسدني
قالوا تموت بحبّه :: قلت لا تلوموني ",MLF-129-NWA-BRW.png,NWA.PNG
MLF-130-NWA-BRW,130,نوار اللوز,النوى,برول,"نوار اللوز فتّح :: وزاد في عشقي علي
وبرّح على الملاح :: يدير كاس الحميّا
يديرها راحًا براح :: يا ساقي أمهل عليّ
إملا كاسي يا بدري :: واسقني متى شربت :: يا روحي هينّني
نظرة من وجنتيه :: وبها روحي تحييني",MLF-130-NWA-BRW.png,NWA.PNG
MLF-131-NWA-BRW,131,هل ترى يا حبّي,النوى,برول,"هل ترى يا حبّي آش قلقك :: حتى صرت تهجر من يعشقك
قال لي مرّ عنّي كي أرشقك :: بسهام العين فتموت يا مسكين
قلت له يا حبّي قتلي حرام :: إلى متى يا حبّي هذا الصدود:: نعشقك من صغري فاعطف وجود ",MLF-131-NWA-BRW.png,NWA.PNG
MLF-132-HSN-MSD,132,الحادي صاح,الحسين,مصدّر,"الحادي صاح من شدّة الأمور :: لو صبت جناح للمصطفى أزور
لو صبت الآن نمشي خديم مطيع :: مع الرّكبان لانّي عشيق وليع
تذهب الأحزان حين نرى البقيع
نوره وضّاح يا له من نور لو صبت جناح للمصطفى أزور
يا رب عين من لا له جناح :: والقلب حزين ملازم النواح
يطلب في الحين زوره لسيد الملاح
لما نرتاح دمعتي تفور لو صبت جناح للمصطفى أزور
يا من يعشق يعشق بني أصول :: يتبع الأنياق ويشدّ الحمول
فعسى يلحاق بروضة الرّسول
 نوره الوضّاح يامبدعه من نور لو صبت جناح للمصطفى أزور",MLF-132-HSN-MSD.png,HSN.PNG
MLF-133-HSN-MSD,133,جمر الهوى,الحسين,مصدّر,"جمر الهوى يحرق قلبي بنارو :: مسكين من يعشق في الحومة جاره
مسكين من يعشق أهل الحميّة :: ما صاب شيء ينطق كلمة خفيّة
إن زارني المحبوب يبرا ما بيّا
أمسى خديم مملوك أخدم جواره :: مسكين من يعشق في الحومة جاره
إنا الذي أهواه سلطان قدّه :: الورد والسّوسان عن صحن خدّه
سبحان من أنشا بدنًا لعبده
له عيون إملاح زنجي شفاره :: مسكين من يعشق في الحومة جاره
دير المدام في الكأس وأسقي وعربد :: ما بين دوك الأغراس إملألي وجدّد
بروضة تجلّي البأس والطير ينشد
يا ساقي لا تغفل إلا واسقي خمره :: مسكين من يعشق في الحومة جاره",MLF-133-HSN-MSD.png,HSN.PNG
MLF-134-HSN-MSD,134,داعي الهوى,الحسين,مصدّر,"داعي الهوى قد صاح :: بألسن الأوتار
يدهو لشرب الرّاح :: من راحة الأقمار
يا راحة الأرواح :: يا نزهة الأبصار
قد غرّد القمري :: وصاحت الأطيار
وزمزم السّاقي :: في روضة الأزهار
فالكل في حًبّك :: قد هذّه الأسفار
واسمح بطيب وصلك :: يا كاتم الأسرار
فأنت نور العين :: يا بهجة الأنظار
يا عاطر الأنفاس :: أرفق بحال الناس
فقم ندير الكاس :: في غفلة الحرّاس
وأعطف على الجلّاس :: بالثغر قبل الكاس",MLF-134-HSN-MSD.png,HSN.PNG
MLF-135-HSN-MSD,135,دمعي جرى,الحسين,مصدّر,"دمعي جرى عن صحن خدّي كالمطر
والروح من فرط الهوى في هاوية
لما رأيت الغيد ما بين الشّجر ::  عقلي مضى والروح منّي باليه
ونقروا الطار وحرّكوا  الوتر :: عنّوا صبا ساروا بسيرة باهية
وعيونهم بالحق سحّروا القمر :: ووجوههم مثل البدور الزاهية
وجناتهم كالورد فتّح في مطر :: خلّوا قلبي مثل ورقة بالية
هبّ النسيم وتخبّلت رشقاتهم :: وأنا مع الأغصان حين مالوا أميل
رشقوا الشمع والكاس يدور بينهم :: وأنا شربت الحبّ والصّبر الجميل",MLF-135-HSN-MSD.png,HSN.PNG
MLF-136-HSN-MSD,136,طابت أوقاتي,الحسين,مصدّر," طابت أوقاتي :: واجتمع شملي بذاتي :: وأنا مجموع
وفي مرآتي :: نظرت عيني صفاتي :: والحجاب مرفوع
ويأثباتي :: صرت فاني في حياتي :: ليش نكون ممنوع
زارني بدري :: ورسخ حبّه في صدري :: يا أهيل الحيّ
وعرف قدري :: حسن عرفتهُ صرت بدري :: ما يفتني شيء
وبدا فجري :: وانطوى شفعي في وتري :: يا له من طي
هات كاسي هات :: طابت أوقاتي بلذاتي :: وصل من نهوى",MLF-136-HSN-MSD.png,HSN.PNG
MLF-137-HSN-MSD,137,ظبي سباني,الحسين,مصدّر,"فايق علي جمع الأنام :: في الحسن مفرد
بالله يا حادي الجمال :: رفقًا بعبدك
قد صار جسمي كالخيال :: فاني في حبّك
فأنعم لعبد بالوصال :: يسعد بقربك
مملوك فاني للهادي أحمد فايق علي جمع الأنام في الحسن مفرد
يا صاحب القد العجيب :: داوي فؤادي
القلب شايق في لهيب :: من البعادي
دمعي على خدّي سكيب :: نرعى ودادي
شوقي دعاني للهادي أحمد فايق علي جمع الأنام في الحسن مفرد
سرى على بدن البراق :: طه التهامي
رقّي على سبع طباق :: أعلى مقام
ووجهه زاد إنشراق :: نور الظلام
طاق الحنان بحماه نسعد فايق على جمع الأنام في الحسن مفرد",MLF-137-HSN-MSD.png,HSN.PNG
MLF-138-HSN-MSD,138, قد غارت الأغصان,الحسين,مصدّر,"قد غارت الأغصان من قدّك الميّاس :: رمح القنا الفتّان معطّر الأنفاس
قد ملى للنّدمان يسقي سلاف الكاس
قد أنعش الأرواح :: نسيمة السّحري أدر علينا الراح :: يا طلعة القمري
تضوّعت الأزهار بنشرها المرقوم :: وأنشد المنيار بالذيل والمزموم
ورنّع الأوتار تبري الحشا المكلوم
أمّا الهزّاز قد صاح ::: ما عشت من دهري أغنم لذيذ الرّاح :: تسعد العمر
تزخرف البستان بزهرة الناعم :: وقاست الأغصان من ثغره الباسم
يأسر لنا القطعان ودع عنك اللايم
قلب العزول قد نناح :: يصف على الجمر ودمعه قد ساح :: عن خدّه يجري",MLF-138-HSN-MSD.png,HSN.PNG
MLF-139-HSN-MSD,139, ما سبى عقلي,الحسين,مصدّر,"ما سبى عقلي سوى سحر الجفون :: ما سبى عقلي
حللوا قتلي برمشات العيون :: حللوا قتلي
عاذلي قل لي خلاصي كيف يكون :: يا عاذلي قلي
من عيون الظبي في أكبادي جراح :: والوصال مرهم
من عويناتك يا سلطان الملاح :: يا سلام سلّم
يا قوام البان ما بين اللقاح :: يا قوام البان
جيش من النّعمان على خددك فتح :: جيش من النعمان
أنت هو السلطان على جمع الملاح :: أنت هو السلطان
لا تؤاخذني بأفعال قباح :: لا تؤاخذني
العفو يا حبيبي منك والسّماح والخطأ منّي",MLF-139-HSN-MSD.png,HSN.PNG
MLF-140-HSN-MSD,140,من النوى يوم الفراق,الحسين,مصدّر,"من النّوى يوم الفراق :: بكيت دمعًا دون عيني
كما بكت أهل العراق :: حزنًا على فقد الحسين
والإصبهان زاد اشتياقي :: مزموم وسيكا وأصبعين
أمّا الرهاوي قد جسّها من حرّ نار القبس
لعل من يحي العظام يعفو عن عبد مسيء",MLF-140-HSN-MSD.png,HSN.PNG
MLF-141-HSN-MSD,141,يا غزالًا,الحسين,مصدّر,"يا غزالًا بالبهاء ما أجملك :: يا ترى في قتلي من حلّ لك
كنت لا تعرف خلًا غيري لك :: علّموك الهجر حتّى لذّ لك
زارني طيف خيالك في الكرى :: قلت يا طيف الكرى من أرسلك
قال أرسلني الذي تعرفه :: والذي بعض هواه أشغلك
قال خلّي العشق لا تعن به :: قلت لولا العشق مادار الفلك
إنّما العشق كبحر زاخر :: كلّ من عاناه لا شك هلك
لو رأى العاذل حبّي ما درى :: أبإنسان غرامي أم ملك
أنا مملوك وخلّي ما لكي :: ليس لي حكم على من قد ملك",MLF-141-HSN-MSD.png,HSN.PNG
MLF-142-HSN-MSD,142,يا غزال ما بين غزلان اليمن,الحسين,مصدّر,"يا غزال من بين غزلان اليمن :: يا وفيّ العهد يا صافي البدن
يا ضياء الشّمس يا بدر الدّجى :: يا نسيم الصّبح يا دفع الحزن
واصلو حبلي وإن شئتموا أصرمو :: وكلّ فعل منكمو عندي حسن
روحه روحي وروحي روحه :: من رأي روحين عاشا في بدن
يا حبيبي بلسان عربي ولسان فارسي دستمان",MLF-142-HSN-MSD.png,HSN.PNG
MLF-143-HSN-MSD,143,يا من حكا خدّه الشقايق,الحسين,مصدّر,"يا من حكا خدّه الشّقايق :: وماله في البها شقيق
تركتني بالدّموع شارق :: لمّا بدي خدّك الشّريق
سللت من ناظريك صارم :: للفتك يا شادن الصّريم
ورحت يوم الفارق سالم :: وقد تركت الحشا كليم
شيّبت من هجرك المفارق وسرت مع جملة الفريق
ما بين حاي حدى وسايق جملي بمن ساقه وسيق
لسايل الدمع صوت ناهر :: قد سال في وجنتي نهر
وسرت والقد منك خاطر :: والقلب مني على خطر
لست على ذي الجفا بقادر :: لكن بهذا جرى القدر
سهم النوى من يديك مارق :: وقد غدى للدما مريق
فاسمح بوعد يكون صادق :: ولا تكن تهجر الصديق
قلبي بنار الجحيم صال :: يا من بسيف اللحاظ صال
وغير مغناك ما حلالي :: فلم ترى قتلتي حلال
يا ناحل الخصر كالخلال :: وكامل الوصف والخلال
ساعات عمري مضت دقائق :: لما بدى خصرك الرّقيق
تنطق من حسنه المناطق :: تقول للرّدف ما نطيق",MLF-143-HSN-MSD.png,HSN.PNG
MLF-144-HSN-MRB,144,الجمال فتّان,الحسين,مربع,"الجمال فتّان والعشق بليّه :: آش يكون لو كان لو رضيت عليّ
آش يكون مني يوم لا نراه :: ينضبغ لوني من شدّة هواه
يا عاذلي دعني لم نعشق سواه
إن كان عوّلوا يا مناي إن كان عوّلوا :: قلبي لا يحب تغضب ولا حلّ لو
نزهى في الخلاعة وعشقي يرتقي :: والغنا ولاعة طابت أخلاقي
في كلّ وقت وساعة على العهد باقي
إن كان عوّلو يا مناي إن كان عوّلوا قلبي :: لا يحب تغضب ولا حلّ لو
حزت الجمال وحدك ما فيه لك مشارك :: ونلت منه قصدك الله يبارك
إنّني عبيد عبدك قلاني تبارك
إن كان عوّلوا يا مناي إن كا ن عوّلو قلبي لا يحب تغضب ولا حلّ لو",MLF-144-HSN-MRB.png,HSN.PNG
MLF-145-HSN-MRB,145, إن جبرتم كسر قلبي,الحسين,مربع,"إن جبرتم كسر قلبي :: أنتموا أهل الذّمام
أو هجرتم يا حبايب :: فعلى الدنيا السلام
قالت أقمار الدياجي :: قل له باقي الغرام
كلّ من يعشق حبيبًا :: ينبغي ألّا ينام
عينه تبري العليلا :: قدّه كالطير هام
لم يكن أحدًا مثيله :: في العراق والأعجام
وحبيبي وجنتاه :: وردتان كالدّهان
سرّه يبري السقيما :: مع جمال وانسجام
قلت لو أنا قتيله :: خوذ قلبي ارتهان
قال لا نبغي بديلًا :: موت بهذا الغرام
هل لك تبغي كفيلًا :: كي تكون أنت الإمام
وتكون عبدًا ذليلًا :: دائمًا بين الأنام",MLF-145-HSN-MRB.png,HSN.PNG
MLF-146-HSN-MRB,146, أهوى غزال الربربي,الحسين,مربع,"أهوى غزال الربربي باهي الجمل :: حلو المراشف سكّري ريقه حلالي
أحور حوى كلّ المحاسن والجمال :: إذا تبدّى ينجلي فاق الهلال
يا عاذلي قصّر ملامك عن غزالي :: إذا تبدّى حسنه فاق العوالي
ساقي أدر كأسي وأعطني مدام :: في روضة كالنّدى حلو المدام
من خمرة كالسّكر تجلي الندم  :: بدي على بدر السّما زاد إحترام
من كف أهيف سمهري ما أحلى كلامهُ :: إن طال هجره ذا الرّشا يالله السلامة
ذوك العيون الناعسين قد عذّبوني :: وفوقهم قوس الحواجب فارحموني
ذوك الخدود كالجلنار يالله السلامة :: إن جادو عنّي بالوصال نعمل كرامة",MLF-146-HSN-MRB.png,HSN.PNG
MLF-147-HSN-MRB,147,رأيت الرياض,الحسين,مربع,"رأيت الرّياض قد لبس :: ثوبًا جديد بالنّوار
حوله نرجس وياس :: أحبق مع الجلّنار
إذا يشم النفاس :: يقول مسك العطار
هاتوا كؤوس العقار :: قد طاب وصل الحبيب
القلب بالحبّ جار :: شائق بوصل الحبيب
جاني المليح في سرور :: وأقبل إلى منزلي
وعملت حضرة زهوز :: غيلي مع سنبلي
وأرخيت جمع السّتور :: وأصيح من حرقتي
نار الهوى ضارية :: والظّبي في محفلي
حتّى النّجوم في السّما :: شهدوا علي لوعتي
يا ربي بالخاتمة :: فرّج عليّ كربتي
فرّج ولو بعدما :: والعسر يرجع يسير
الله يشهد لنا :: عمّا نقول شهيد",MLF-147-HSN-MRB.png,HSN.PNG
MLF-148-HSN-MRB,148,سيدي أوحشت ربعي,الحسين,مربع,"سيّدي أوحشت ربعي :: بعد أنسي والمزار
سيّدي فرّقت جمعي :: حين فارقت الدّيار
بعضهم قد صم سمعي :: عن تلاحين الهزار
إنني ضاقت بقاعي عند ترحال الرفاق
آه من مرّ الوداع آه من نار الفراق
جسمي ذاب من الأوصاب :: فيك يا زين الأحباب
طرفي لاذ نحو الباب :: يرتجي عود الغياب
بدري غاب لمئابي :: ردّ يا ربيّ الأحباب
هل كان هذا الشأن قبل توليع الجيران
بعد الأن لا تنساتي أيّها الغصن الفتّان",MLF-148-HSN-MRB.png,HSN.PNG
MLF-149-HSN-MRB,149,يا معشوق ما قصدك,الحسين,مربع,"يا معشوق ما قصدك :: في هجرك تزيد
عقلي اليوم في يدّك :: أفعل ما تريد
أنا اليوم في يدّك :: عبد ممتلك
ما ملكت يمينك :: يا قمرًا ملك 
بان السّحر في عينك :: خذني في شرك
مال الغصن من قدّك وحسنك فريد
عقلي اليوم في يدّك أفعل ما تريد
يا معشوق ما أبهاك :: يا ضي القمر
نبتهج حين نراك :: لم نجد صبر
جلّ من أنشاك :: فتنه للبشر
يا ما أقسى قلبك أقسى من حديد
عقلي اليوم في يدّك أفعل ما تريد
الخلاعة تعجبني :: لأني وليع
الملام لا ينفع :: لمن لا يطيع
خلّوني مع حبّي :: نمزج للقطيع
غار الورد من خدّك حسنك فريد
عقلي اليوم في يدّك إفعل ما تريد",MLF-149-HSN-MRB.png,HSN.PNG
MLF-150-HSN-BRW,150,اسمعوا دي الطريقة,الحسين,برول,"اسمعوا دي الطريقة :: لأن فيها ما يسمع
 وكيف تخفى الحقيقة :: وشموسها تشعشع
 تجلى بيها كل ضيقة :: نور الحبيب المشفع
 وفي صدور الرجال :: تم تطوى وترفع
 وكيف تخفى الحقيقة :: وشموسها تشعشع
 دير بالك يا مغروم :: واستمع لكلامي
 في وشط حجري نربّيك :: حتى تبلغ مقامي
 تم تسقيك ونرويك :: من كؤوس المدام 
 وفي صدور الرجال :: تم تطوى وترفع
 وكيف تخفى الحقيقة :: وشموسها تشعشع",MLF-150-HSN-BRW.png,HSN.PNG
MLF-151-HSN-BRW,151,أقبل زمن الخلاعة,الحسين,برول,"أقبل زمان الخلاعة :: فاستغنم أيام السرور
 الدنيا ساعة بساعة :: أغنم زمانك لا يمور
 أغنم زمانك بواجب :: وأزهو وتيه مع الحبيب
 بالكوثرة والربايب :: والطّار والنّقر العجيب
 بروضه عالي المراتب // الطير من فوق القضيب
 أمّ الحسن في ارتفاعها :: فاقت على جمع الطيور
 الدّنيا ساعة بساعة :: أغنم زمانك لا يمور
 آش لزني صرت أعشق :: وحصلت في شرك الهوى 
 يا من يراني مقلّق :: لا لي طبيب ولا دواء
 إذا نرى الطير ينعق :: نحس قلبي انكوى
 من المغاني رباعة :: نتناولوا كأس الخمور
 الدنيا ساعة بساعة :: أغنم زمانك لا يمور
 إن كنت من أهل الهوى :: فاخضع لمن تهوى ذليل
 وأصبر على حرّ الجوى :: وكابد الليل الطويل
 واسمع له بما نوى :: وقل له قولًا جميلًا",MLF-151-HSN-BRW.png,HSN.PNG
MLF-152-HSN-BRW,152,بدت من الخدر,الحسين,برول,"بدت من الخدر في هيكل الأنوار :: تزهو على البدر وتخجل الأقمار
 من ثغرها سكري :: وريقها الخمّار
 قوم يا ساقي الرّاح :: نستجلي الأقداح
 دير لي يا حبيبي :: جود لي يا طبيبي
 إملأ لي يا صاح يا سكرى مع الملاح يا حسن
 ظفرت بالمرغوب يا جملة الحضار :: وفزت بالمطلوب من سادتي الأخيار
 وأنطق المحبوب الباهي المسار
 قوم يا ساقي الرّاح :: نستجلي الأقداح
 دير لي يا حبيبي :: جود لي يا طبيبي
 إملأ لي يا صاح يا سكري مع الملاح يا حسن",MLF-152-HSN-BRW.png,HSN.PNG
MLF-153-HSN-BRW,153,بسهم الجفون,الحسين,برول,"بسهم الجفون ترميني :: ليش يا بديع الخلقة
 بدوك العيون تسبيني :: زادوا في قليبي حرقة
 وعلاش يا محمد تهجرني :: وتسقيني من كؤوس الحرقة
 راني من غرامك مسبي :: وملكتني يا عظيم الشأن
 سبحان من أنشاك يا بدري يا طلع القضيب غصن البان
 يا ماذا خفيت من الكتمان :: ودموعي شهود عليّ
 شعلت في قليبي نيران :: يا روحي ويا عينيا
 عشقي يزيد في السلطان :: والسلطان يتيه عليّ
 نهواه في الملاح سلطان :: والورد عن جبينه أحمر
 لو كان في الوصال يا بدري :: لا نحزن ولا نتغير",MLF-153-HSN-BRW.png,HSN.PNG
MLF-154-HSN-BRW,154,بالله يا سيد الغزلان,الحسين,برول,"بالله يا سيد الغزلان :: إزهى وتيه
 على رياحين البستان :: جنب الغدير
 اترك محاسن الهجران يا حنان يا منان
 ليش هجرتني لو رحمتني
 يا بدري لا تهجرني :: من وصلك لا تحرمني :: أسمح ما مضى
 يا ميّاس دير الكاس عن غيض الرقيب
 من الحواجب والعينان :: خوذ لي أمان
 قد أخجلت منه العربان :: وأهل البيان
 أترك تحابيذ الهجران يا حنان يا منان
 أحرق مهجتي وأجري دمعتي
 يا غايب عن أعيني :: يا سيد ناسي وأقراني :: أترك ما مضى
 يا ميّاس دير الكاس عن غيض الرقيب",MLF-154-HSN-BRW.png,HSN.PNG
MLF-155-HSN-BRW,155,بالله يا عشية,الحسين,برول,"بالله يا عشيّة طمنّي قلب من يعشق
 أنا أضلعي بنار الهوى تحرق
 أنا أدمعي عن صحن الخدود تهرق",MLF-155-HSN-BRW.png,HSN.PNG
MLF-156-HSN-BRW,156,جعلني غرامي,الحسين,برول,"جعلني غرامي في عشقك مثل
 وزاد بي هيامي وكيف العمل
 وكان لي مآنس وعنّي رحل
 يحبّ السّمر ونقر الوتر
 وشرب المدام في ضوء القمر
 هجرني حبيبي ولا ذنب لي
 وزاد بي لهيبي ولا رقّ لي
 ناديت يا طبيبي بالله رق لي",MLF-156-HSN-BRW.png,HSN.PNG
MLF-157-HSN-BRW,157,زارني محبوب قلبي,الحسين,برول,"زارني محبوب قلبي في الغلس :: وقفت إجلالًا له حتى جلس
 قلت يا سؤلي ويا كلّ المنى :: زرتني ليلًا ولا خفت العسس
 قال لي خفت ولكنّ الهوى :: أخذ الروح وعقلي والنّفس
 إعتنقنا ثم نمنا ساعة :: كادت الأرواح منّا تختلس
 ثم قمنا ما بنا من ريبة :: ننفض الأثواب ما فيها دنس",MLF-157-HSN-BRW.png,HSN.PNG
MLF-158-HSN-BRW,158,سلامي مجدد,الحسين,برول,"سلامي مجدد مسا وصباح
 على البدر الأسعد مليح الملاح
 أنا به أسعد وبه أنشرح
 الهادي التّهامي مصباح الظلام
 مهيّج غرامي عليه السّلام
 في رونق ومعنى ووجهه الشّريق
 وروضة محمد يا من هو عشيق
 وبتّ مخلّف في قلبي حريق
 تشرق أنواره حين يبتسم
 مهيّج غرامي يرمي بالسهام",MLF-158-HSN-BRW.png,HSN.PNG
MLF-159-HSN-BRW,159,سير يا رسول,الحسين,برول,"سير يا رسول للحبيب :: بحقّ العهود والمنى
 أنا قد عياني المغيب :: وحال البعاد بيننا
 ندعو للإله المجيب :: يجمع عن قريب شملنا
 باش نغنم معاك راحتي :: وننكي جميع الحسود
 آش حال ما تطول غيبتي :: لا بدّ المسرّة تعود
 شربنا وطاب شربنا :: ما بين الظّباء والمهات
 والساقي يدور بيننا :: غزيل بديع الصّفات
 وصرنا سكارى كلّنا :: ما تسمع غير خذ وهات
 محبوب كساه الخجل نور عيني ضياء مقلتي
 آش حال ما تطول غيبتي :: لا بدّ المسرّة تعود",MLF-159-HSN-BRW.png,HSN.PNG
MLF-160-HSN-BRW,160,سيروا بنا يا ملاح,الحسين,برول,"سيروا بينا يا ملاح :: نزور الهادي سيد الملاح
 واللي صلى عليه يربح",MLF-160-HSN-BRW.png,HSN.PNG
MLF-161-HSN-BRW,161,شمس النهار,الحسين,برول,"شمس النهار فوق الجبين :: تكسوا الدّراري نورًا مبين
 آه جلنار لو تعلمين :: آه جلنار والياسمين
 بنت الشموس أخت القمر :: زقت كؤوس وقت السّحر
 عنهما النّفوس تحكي خبر :: موت النفوس للعاشقين
 أقمار حسن تحت الشعور :: لمّا رأتني أشكو شعور
 آه علمتني هتك الستور :: لما رأتني مالي معين",MLF-161-HSN-BRW.png,HSN.PNG
MLF-162-HSN-BRW,162,صلّوا يا عباد,الحسين,برول,"صلوا يا عباد جملة على من سباني
 على أحمد رسول الله ساكن الجنان
 لقد خصّه المولى بالسبع المثاني
 يشفع لي رسول الله :: يشفع لي التهامي
 صلّوا يا عباد جملة وزيدوا تحية
 على أحمد رسول الله هو خير البريّة
 لقد خصه المولى بالرتبة العليّا
 يشفع لي رسول الله سيّد كل سيد
 استغفر وتوب لله واتّبع سنّة أحمد",MLF-162-HSN-BRW.png,HSN.PNG
MLF-163-HSN-BRW,163,طيّبوا المنازل,الحسين,برول,"طيبوا المنازل بذكر الحبيب :: عمّروا المحافل بالمقربين
 وابعثوا الرّواحل للمغرّبين :: واحملوا الرسائل إلى الطّيبين
 مطلع الكمال خير العالمين :: درة الجمال قطب المرسلين
 سيدي يا حبيبي يا شمس الورى :: أنت في قليبي تسمع وترى
 حبّك يا حبيبي فسأل مخبرًا :: عن فتى غريب يهدي سحرًا
 مطلع الكمال خير العالمين :: درّة الجمال قطب المرسلين
 والذي حباك بالجاه العظيم :: واصطفى علاك بالرّفع القويم
 ما خلى هواك في قلبي الكليم :: نبتغي رضاك وأنت رحيم
 مطلع الكمال خير العالمين :: درة الجمال قطب المرسلين",MLF-163-HSN-BRW.png,HSN.PNG
MLF-164-HSN-BRW,164,قل للساقي,الحسين,برول,"قول للساقي إذا ما صحى
 قوم نجدد الفرحة
 يا ما فاتوا أيّام السّهر",MLF-164-HSN-BRW.png,HSN.PNG
MLF-165-HSN-BRW,165,قم يا ساقي الراح,الحسين,برول,"قم يا ساقي الراح :: نستجلي الأقداح يا إمام
 ديرلي يا حبيبي :: جود لي يا حبيبي
 إملأ لي يا صاح :: يا سكري مع الملاح يا حسن",MLF-165-HSN-BRW.png,HSN.PNG
MLF-166-HSN-BRW,166,على العقيق اجتمعنا,الحسين,برول,"على العقيق اجتمعنا نحن وسود العيون
 لين ظن مجنون ليلى :: قد جن بعض الجنون
 لا زلت حول المطايا :: أقول بالله احملوني
 عن سادتي خلّفوني :: أبكي دمًا من عيوني
 فيا عيوني عيوني ويا جفوني جفوني
 لازلت حول المطايا أقول بالله احملوني
 ويا قلبي تصبّر :: على الذين فارقوني
 فارقتهم عصر الإثنين :: صبح الثلاث أوحشوني
 بالله إن مت شوقًا :: بأدمعي أغسلوني
 نوحوا عليّ وقولوا :: مسكين قتيل العيون
 روح يا رسولي إليهم سرعًا :: وقبل يديهم
 وإقرأ سلامي عليهم لعلّهم يرحموني
 جاني رسولي ويضحك :: وقال أبشر بصلحك
 وحق عيشك وملحك :: هم بالوصال أو عدوني
 إسأل الإله الكريم :: عسى المولى يجود
 يغفر كل الخطايا :: هو الغفور الودود
 محمد ما تلالت بروق وحنّت :: رعود كافأه بجنة عدن
 يكون بيها الخلود",MLF-166-HSN-BRW.png,HSN.PNG
MLF-167-HSN-BRW,167,لو صبت نعزم,الحسين,برول,"لو صبت نعزم ونودع ناسي
 وبير زمزم عنه نبني ساسي
 نفرح ونغنم حين نشرب كأسي
 من جرحي نبرأ وتزول أنكادي
 يا رب زورة إلى النبي الهادي
 يا من هو في غفلة أنتبه من منامك
 العمر ولّى وأنت في عصيانك
 بادر برحلة من ديار سكّانك
 إعزم وبادر إلى نخيل الوادي
 يارب زورة إلى النبي الهادي",MLF-167-HSN-BRW.png,HSN.PNG
MLF-168-HSN-BRW,168,يا صاحب الوجه الجميل,الحسين,برول,"يا صاحب الوجه الجميل على قوام الغصون
 يا من إذا عاينته يساقط الورد الجنّي
 ووجهه دورة قمر وقدّه يعجبني
 قالوا فما أجمله قلت يعشقني
 قالوا أتعشق ذا الرّشا قلت من يحسدني
 قالوا تموت بحبّه قلت لا تلوموني",MLF-168-HSN-BRW.png,HSN.PNG
MLF-169-HSN-BRW,169,يالبيض,الحسين,برول,"يالبيض يا شبيه مرود فضّة :: يا من لحظه أمضى من السّيف أمضى
 أقسمت عنك بالنبي والروضة :: يا محبوبي متى علي ترضى
 يالسمر يا شبيه ظبي الوحش :: يا من لحظه أمضى من السّيف إرشي
 أقسمت عنك بالنبي القرشي :: لا تهجرني لأنني ما نحمل شيء
 مال نجم الكأس في هوى هوى :: مستقيم السّير سعد الأثر
 في ليال كتمت سرّ الهوى :: بالدّجى لولا شموس الغرر
 وطر ما فيه عيب سوى :: أنّه مر كلمح البصر
 قد روى النعمان عن ماء السماء :: كيف يروي مالك عن أنس
 فكسى بالحسن ثوبًا معلمًا :: يزدهي منه بأبهى ملبس
 حين لذ النوم منا أو كما :: هاجم الصبح هجوم الحرس
 جرّد السهم وسمى ورمى :: بفؤادي نبله المفترس",MLF-169-HSN-BRW.png,HSN.PNG
MLF-170-HSN-BRW,170,يا مدّعي,الحسين,برول,"يا مدّعي في الحب جهلًا :: أقف نعلمك أصل الخبر
 أوّله سقام وآخر قتلى :: ولا ينفعك سوى الصبر
 أنظر كيف كان مجنون ليلى :: أفنى عمره في الانتظار
 بحر الحب بحر لا يقاس :: ما دخله عشيق إلا وغاص
 قال العارفون عن قول :: قالوا ما يجنى العسل إلا بناره
 أبشر بالهناء يا قلبي وأفرح :: زارني من هويت أوفى بعهدي
 حبّي في الملاح أبهى وأسمح :: خليني يا عذولي يخدم لي سعدي
 نبقى كل يوم نمسي ونصبح :: من شدّة العهود عن كيد الأعادي
 وأنشد العهود ولها معاني :: وأكمد الحسود ولا من يراني
 قلبي والحشا شعلت لهيبه :: يا من قال شيء الله حسيبه
 تهجر يا مليح من غير سيّة :: يا غصين بان في الإعتدال
 سلطات الملاح رفقًا عليّ :: لأني فيك مضنى يا غزال
 مسكين من يعشق بنيّه :: في المحبوب ينظر فيه الكمال
 نار الحب تحرق يا سلام :: من يصبر على كيّها يعتاده
 قال العارفون عن قول قالوا :: ما يجنى العسل إلا بناره",MLF-170-HSN-BRW.png,HSN.PNG
MLF-171-HSN-BRW,171,يوم تزورني,الحسين,برول,"يوم تزورني عيد أكبر يا رشا حلو الشّيم
 غنج لحظه قد سباني حاجبه خط القلم
 يا رفاقي ساعدوني قد صبح جسمي عدم
 قل صبري ما احتيالي هكذا ربي حكم",MLF-171-HSN-BRW.png,HSN.PNG
MLF-172-HSN-ELJ,172,الجمال فتّان,الحسين,علّاجي,"الجمال فتان والعشق بليّه :: آش يكون لو كان لو رفقت عليّ
 آش يكون مني يومًا لا نراه :: يندبغ لوني من عظيم جفاه
 يا عذولي دعني لم نعشق سواه :: آش يكون لو كان لو رفقت عليّ
 قدّ غصن بان وشمعة مضوية :: آش يكون لو كان لو يعطف عليّ
 لهيب الغرام في أكبادي تشعل :: وأفناني السّقام عييت ما نحمل
 يا أهل الذمام دلّوني كيف نعمل :: إما واصلني وإلا ارحمني
 كان عندك حبيب في القلب له موضع :: يحضر ويغيب يتيه ونتولّع
 دواك يا طبيب هو الي ينفع :: آش يكون لو كان لو يعطف عليَ",MLF-172-HSN-ELJ.png,HSN.PNG
MLF-173-HSN-ELJ,173,إذا نبكي من الهجران,الحسين,علّاجي,"إذا نبكي من الهجران :: دموعي مثل شرب الرّاح
 مكتوب في حديث زمان :: إذا يبكي العشيق يرتاح
 ما هي لذة الغزلان :: سوى التيه والنّفار يا صاح
 طلبتك بالوصال صلني دخيل فضلك وإحسانك
 إذا كان الخطأ مني يكون العفو من شأنك
 نجوم الليل تشهد لي :: لأني لا أنام الليل
 ونيران الحشا تصلي :: وعشقي هد منّي الحيل
 غرامي والهوى قتّال :: ودمعي سال يحكي السيل
 حبيبي لا تطل هجرك وعاملني بإحسانك
 إذا كان الخطا مني يكون العفو من شأنك
 يطيب عيشي ونتولّع :: ويهنا بالوصال بالي
 ونجعل للحبيب موضع :: ونملأ له ويملأ لي
 شبيه البدر حين يطلع :: عليه نفني جميع مالي
 طلبته حينما ألقاه دخيل فضله وإحسانه
 من يعشق جميل يصبر على صدّه وهجرانه",MLF-173-HSN-ELJ.png,HSN.PNG
MLF-174-HSN-ELJ,174,ساروا بليلى,الحسين,علّاجي,"ساروا بليلة ولا ودّعونا
 والله العظيم في القلب أوحشونا
 ساروا بليلة إلى نحو المدينة
 إلى أحمد محمد هو الشفيع فينا
 ساروا بليلة يا الله السلامة
 إلى أحمد محمّد صاحب العلامة
 ساروا بليلة إلى نحو العراق
 إلى أحمد محمّد راكب البراق",MLF-174-HSN-ELJ.png,HSN.PNG
MLF-175-HSN-ELJ,175,قد جمعت في معذبي,الحسين,علّاجي,"قد جمعت في معذبي تسع خصال :: ما هي في حبيب
 شكلّا وحلاوة وتبيها ودلال :: والقدّ العجيب يا ذاك الحبيب
 السادس ريقه رحيق وزلال :: والسابع طيب
 والثامن ورد خد والتاسع خال :: هل لي فيك نصيب يا ذاك الحبيب
 أقسمت عليك بالله يا بدر الكمال :: رفقًا بالكئيب
 أفناني الحب يا خلي البال :: الله حسيب يا ذاك الحبيب",MLF-175-HSN-ELJ.png,HSN.PNG
MLF-176-HSN-ELJ,176,ياذا العلا يا جبار,الحسين,علّاجي,"يا ذا العلا يا جبّار يا من بيده الحكمة
 يا من يدل الأطيار في جنح ليل الظلمة
 يلتك بجاه المختار أحمد شفيع الأمة
 هون علي أمري يا ذا العلا يا مطلوب
 ما غاضني في صدري إلا فراق المحبوب
 ما غاضني يا عشاق إلا فراق غزالي
 حبي كحيل الأحداق شبه الهلال العالي
 زاد في قلبي أشواق والنوم ما يلجأ لي
 النوم حرم جفني وبديت شاقي مذعور
 ما غاضني في صدري إلا فراق المحبوب",MLF-176-HSN-ELJ.png,HSN.PNG
MLF-177-HSN-ELJ,177,ياما كتمت حبك,الحسين,علّاجي,"ياما كتمت حبك يا سيد الملاح
 أعطف على محبك العقل منه راح
 قدك ورشق قدك وعينك الملاح
 زادوا علي قليبي جراحًا عن جراح",MLF-177-HSN-ELJ.png,HSN.PNG